experiment,scenario,n,rho,q_target,method,n_success,mean_sq,sd_sq,pooled_rmse,pooled_mcse,pred_n,pred_mean_sq,pred_sd_sq,pooled_pred_rmse,pooled_pred_mcse,n_attempt,failure_rate
A,clean,200,0.01,,DR_CF,179,14.996927540712518,19.037240735514267,3.8725866731052663,0.1837157305440024,179,0.0067197048761247,0.0034235451652973,0.0819738060365918,0.001560789916856,500,0.642
A,clean,200,0.01,,PR_MLE,420,4.656238669025181,12.516056636783397,2.157831937159421,0.1415126495085618,420,0.0077914429337576,0.0040683113898837,0.0882691505213322,0.0011244770564562,500,0.16
A,clean,200,0.01,,STD_ZIB,500,4.070207505444962,11.836537523609698,2.017475527842893,0.1311902035774254,500,0.007457134499692,0.0037954849350659,0.0863547016652365,0.0009828025757398,500,0.0
A,clean,200,0.02,,DR_CF,103,21.613602055283444,22.39439283694607,4.649043133299953,0.2373160486606741,103,0.0070997677104717,0.0039629491354345,0.0842601193357317,0.0023171162358914,500,0.794
A,clean,200,0.02,,PR_MLE,429,4.485794647270932,13.90422767634754,2.1179694632527006,0.1584778368404888,429,0.0073896264946326,0.0039222057672998,0.0859629367496983,0.0011014390971633,500,0.142
A,clean,200,0.02,,STD_ZIB,500,4.070207505444962,11.836537523609698,2.017475527842893,0.1311902035774254,500,0.007457134499692,0.0037954849350659,0.0863547016652365,0.0009828025757398,500,0.0
A,clean,200,0.05,,DR_CF,56,14.487507671322062,19.80480674286041,3.806245876361913,0.3476560249827871,56,0.0158385379272385,0.0152016898835165,0.1258512531810413,0.008070683475022,500,0.888
A,clean,200,0.05,,PR_MLE,482,2.2151021359335474,8.083527065027134,1.4883219194561192,0.1236945326428798,482,0.0063986410418826,0.0036514824575308,0.0799915060608474,0.0010396133076918,500,0.036
A,clean,200,0.05,,STD_ZIB,500,4.070207505444962,11.836537523609698,2.017475527842893,0.1311902035774254,500,0.007457134499692,0.0037954849350659,0.0863547016652365,0.0009828025757398,500,0.0
A,clean,200,0.1,,DR_CF,145,6.007964518212964,19.269811814716046,2.4511149541000647,0.3264373150201571,145,0.0155403223357156,0.0138686901752255,0.1246608291955239,0.00461946241645,500,0.71
A,clean,200,0.1,,PR_MLE,493,1.033039435589984,5.03951278351586,1.016385475885003,0.1116546065494886,493,0.0054804941482446,0.0034465141610443,0.0740303596387631,0.0010483752335521,500,0.014
A,clean,200,0.1,,STD_ZIB,500,4.070207505444962,11.836537523609698,2.017475527842893,0.1311902035774254,500,0.007457134499692,0.0037954849350659,0.0863547016652365,0.0009828025757398,500,0.0
A,clean,200,0.2,,DR_CF,374,2.5294517109413985,7.598779209563789,1.5904250095309111,0.1235278357894544,374,0.010707952165638,0.0086644152703622,0.103479235432226,0.0021648123213296,500,0.252
A,clean,200,0.2,,PR_MLE,500,0.3050601413588637,0.683538334124883,0.5523224976034053,0.0276729299813475,500,0.0047284461029409,0.0029635882203659,0.0687636975659467,0.0009637039531942,500,0.0
A,clean,200,0.2,,STD_ZIB,500,4.070207505444962,11.836537523609698,2.017475527842893,0.1311902035774254,500,0.007457134499692,0.0037954849350659,0.0863547016652365,0.0009828025757398,500,0.0
A,clean,500,0.01,,DR_CF,104,17.540978215169545,16.879334187848418,4.188195102328633,0.1975976347655175,104,0.0055141023281854,0.0051952674091949,0.0742570018798592,0.003430234656353,500,0.792
A,clean,500,0.01,,PR_MLE,485,2.598809506780632,10.019513588094949,1.612082351116292,0.1411102464036595,485,0.002880952111388,0.0017041009820676,0.0536745015010673,0.0007208193592941,500,0.03
A,clean,500,0.01,,STD_ZIB,495,3.934090024369664,11.00147596969964,1.9834540640936615,0.1246511278806859,495,0.0032632803683342,0.0016933128297164,0.0571251290443557,0.0006661582482761,500,0.01
A,clean,500,0.02,,DR_CF,55,12.235320557661591,20.53166792542635,3.497902308192953,0.3957356859006887,55,0.0148597063871095,0.0184400678282612,0.1219003953525563,0.0101987291818622,500,0.89
A,clean,500,0.02,,PR_MLE,488,0.493783869963826,0.8767634379028457,0.702697566499149,0.0282406100923339,488,0.0025465648167795,0.0015298549154966,0.0504634998467165,0.000686171968512,500,0.024
A,clean,500,0.02,,STD_ZIB,495,3.934090024369664,11.00147596969964,1.9834540640936615,0.1246511278806859,495,0.0032632803683342,0.0016933128297164,0.0571251290443557,0.0006661582482761,500,0.01
A,clean,500,0.05,,DR_CF,217,4.267528871306114,14.0436911841841,2.0657998139476423,0.2307454650322902,217,0.0132753638940812,0.0106260019019195,0.1152187653730122,0.0031303061141224,500,0.5660000000000001
A,clean,500,0.05,,PR_MLE,499,0.3106931224805766,2.416026167440103,0.5573985311073009,0.0970187210745797,499,0.002194991165425,0.0013063953295932,0.0468507328163079,0.0006241341734792,500,0.002
A,clean,500,0.05,,STD_ZIB,495,3.934090024369664,11.00147596969964,1.9834540640936615,0.1246511278806859,495,0.0032632803683342,0.0016933128297164,0.0571251290443557,0.0006661582482761,500,0.01
A,clean,500,0.1,,DR_CF,437,2.962160638517941,20.54234108507102,1.721092861677702,0.2854794941026571,437,0.0074486906655503,0.007683201458147,0.0863057974040582,0.0021292739318298,500,0.126
A,clean,500,0.1,,PR_MLE,500,0.1230519020774248,0.1764788875474101,0.3507875454993019,0.0112495096879183,500,0.0018986761295153,0.0011323863468633,0.0435738009532721,0.000581104423526,500,0.0
A,clean,500,0.1,,STD_ZIB,495,3.934090024369664,11.00147596969964,1.9834540640936615,0.1246511278806859,495,0.0032632803683342,0.0016933128297164,0.0571251290443557,0.0006661582482761,500,0.01
A,clean,500,0.2,,DR_CF,499,0.2584274182069122,1.1896140802592032,0.5083575692432564,0.0523789192145479,499,0.0028767913292096,0.0021277328689031,0.0536357281036588,0.0008879380228613,500,0.002
A,clean,500,0.2,,PR_MLE,500,0.0784045748365258,0.0798143299581892,0.280008169231767,0.0063737521606873,500,0.0016778357924979,0.0010397535665095,0.0409613939276728,0.0005675977869963,500,0.0
A,clean,500,0.2,,STD_ZIB,495,3.934090024369664,11.00147596969964,1.9834540640936615,0.1246511278806859,495,0.0032632803683342,0.0016933128297164,0.0571251290443557,0.0006661582482761,500,0.01
A,clean,2500,0.01,,DR_CF,355,2.7507698095556083,8.924934033115948,1.6585444852507298,0.1428018119355126,355,0.0105651652207901,0.0100048365678895,0.1027869895501863,0.0025830194712796,500,0.29
A,clean,2500,0.01,,PR_MLE,500,0.0783646028805611,0.114535779271149,0.2799367837218988,0.0091488437103939,500,0.000443512731068,0.0002460485557531,0.0210597419516026,0.0002612478812389,500,0.0
A,clean,2500,0.01,,STD_ZIB,500,1.2383316708217778,1.23438039815495,1.1128035185160845,0.024803646236205,500,0.0005405329947368,0.0003128926970836,0.0232493654695526,0.0003009326604024,500,0.0
A,clean,2500,0.02,,DR_CF,462,1.459576884294639,8.560749012122328,1.2081294981477106,0.1648341878328638,462,0.004995153064832,0.0045573612227562,0.070676396801422,0.0014999889817429,500,0.0759999999999999
A,clean,2500,0.02,,PR_MLE,500,0.0451815995141944,0.052315155114967,0.2125596375471938,0.0055034080995052,500,0.0004218711907813,0.0002249087204615,0.0205395031775677,0.0002448507071163,500,0.0
A,clean,2500,0.02,,STD_ZIB,500,1.2383316708217778,1.23438039815495,1.1128035185160845,0.024803646236205,500,0.0005405329947368,0.0003128926970836,0.0232493654695526,0.0003009326604024,500,0.0
A,clean,2500,0.05,,DR_CF,499,0.3154177769206915,4.05620383853131,0.5616206699549897,0.1616577090980048,499,0.0015021927197944,0.0013689769788509,0.0387581310152392,0.0007905931552987,500,0.002
A,clean,2500,0.05,,PR_MLE,500,0.0270673892765596,0.0272670078705921,0.1645216984976744,0.0037059478292784,500,0.0003832831006604,0.000215746165525,0.019577617338698,0.0002464156304891,500,0.0
A,clean,2500,0.05,,STD_ZIB,500,1.2383316708217778,1.23438039815495,1.1128035185160845,0.024803646236205,500,0.0005405329947368,0.0003128926970836,0.0232493654695526,0.0003009326604024,500,0.0
A,clean,2500,0.1,,DR_CF,500,0.0477924607720601,0.0427822467425502,0.2186148685978612,0.0043759151680796,500,0.000720850009994,0.0004320464868192,0.0268486500590642,0.0003598264016412,500,0.0
A,clean,2500,0.1,,PR_MLE,500,0.0184047361310671,0.0155640931742885,0.1356640561499881,0.0025653346460003,500,0.0003499829334545,0.0002002137420682,0.018707830805695,0.0002393070270648,500,0.0
A,clean,2500,0.1,,STD_ZIB,500,1.2383316708217778,1.23438039815495,1.1128035185160845,0.024803646236205,500,0.0005405329947368,0.0003128926970836,0.0232493654695526,0.0003009326604024,500,0.0
A,clean,2500,0.2,,DR_CF,500,0.0237782718212288,0.0233228381289372,0.1542020486933582,0.0033820206622698,500,0.0004504255042143,0.0004056325645153,0.0212232302964064,0.0004273722593009,500,0.0
A,clean,2500,0.2,,PR_MLE,500,0.0126787735918617,0.010130451642219,0.1126000603546096,0.0020117554505244,500,0.0003112602166103,0.0001820167696574,0.0176425683110583,0.000230693095712,500,0.0
A,clean,2500,0.2,,STD_ZIB,500,1.2383316708217778,1.23438039815495,1.1128035185160845,0.024803646236205,500,0.0005405329947368,0.0003128926970836,0.0232493654695526,0.0003009326604024,500,0.0
A,informative_H,200,0.01,,DR_CF,162,16.644837818703152,20.23148704997703,4.079808551721901,0.1948051878900698,162,0.0062181000135842,0.0026131073625679,0.0788549301793126,0.0013017899041798,500,0.6759999999999999
A,informative_H,200,0.01,,PR_MLE,405,4.808286239161792,15.38652189724537,2.1927804812980694,0.1743362882218258,405,0.0076520961821118,0.0039334088531183,0.0874762606774654,0.0011171754244784,500,0.1899999999999999
A,informative_H,200,0.01,,STD_ZIB,500,4.070207505444962,11.836537523609698,2.017475527842893,0.1311902035774254,500,0.007457134499692,0.0037954849350659,0.0863547016652365,0.0009828025757398,500,0.0
A,informative_H,200,0.02,,DR_CF,171,26.544318919101755,11.056688524742144,5.152117906172349,0.0820561679124573,171,0.0066724756564071,0.0025553872985656,0.0816852229990659,0.0011961487257628,500,0.6579999999999999
A,informative_H,200,0.02,,PR_MLE,398,3.604247998263413,11.746992083921228,1.898485711893406,0.1550771501635421,398,0.0075460286262255,0.0040277384528181,0.0868678802908505,0.0011620652258071,500,0.2039999999999999
A,informative_H,200,0.02,,STD_ZIB,500,4.070207505444962,11.836537523609698,2.017475527842893,0.1311902035774254,500,0.007457134499692,0.0037954849350659,0.0863547016652365,0.0009828025757398,500,0.0
A,informative_H,200,0.05,,DR_CF,162,26.09706496128177,13.007398184466076,5.108528649355093,0.100024663472336,162,0.0070498333164876,0.0044051092877384,0.0839632855269948,0.0020610083917281,500,0.6759999999999999
A,informative_H,200,0.05,,PR_MLE,413,2.53864735061448,7.368119502942883,1.5933133246836544,0.1137759450210439,413,0.0066583954392979,0.0035136078174067,0.0815989916561348,0.0010594085439523,500,0.174
A,informative_H,200,0.05,,STD_ZIB,500,4.070207505444962,11.836537523609698,2.017475527842893,0.1311902035774254,500,0.007457134499692,0.0037954849350659,0.0863547016652365,0.0009828025757398,500,0.0
A,informative_H,200,0.1,,DR_CF,129,7.987269462973086,18.168283618635726,2.826175766468371,0.2830022457944643,129,0.0100525637754098,0.0084164704992996,0.100262474412962,0.0036954449421673,500,0.742
A,informative_H,200,0.1,,PR_MLE,465,1.8136004463421544,7.425856120342006,1.3466998352796196,0.1278554517906461,465,0.0056720890930665,0.0031369970893303,0.0753132730205409,0.000965797599722,500,0.0699999999999999
A,informative_H,200,0.1,,STD_ZIB,500,4.070207505444962,11.836537523609698,2.017475527842893,0.1311902035774254,500,0.007457134499692,0.0037954849350659,0.0863547016652365,0.0009828025757398,500,0.0
A,informative_H,200,0.2,,DR_CF,295,2.3582708621731934,8.609313218194032,1.5356662600230535,0.1632039486546978,295,0.0086124521405366,0.0067314769540349,0.0928032981123874,0.0021115722642131,500,0.41
A,informative_H,200,0.2,,PR_MLE,500,0.5122980354774307,0.3534212760892126,0.7157499811228993,0.0110412018005279,500,0.0047527961240822,0.0028907019856805,0.0689405259922077,0.0009375916486923,500,0.0
A,informative_H,200,0.2,,STD_ZIB,500,4.070207505444962,11.836537523609698,2.017475527842893,0.1311902035774254,500,0.007457134499692,0.0037954849350659,0.0863547016652365,0.0009828025757398,500,0.0
A,informative_H,500,0.01,,DR_CF,87,23.713483813407272,16.36262212655528,4.869649249525809,0.1801215178526709,87,0.0047377036866001,0.0025509525530347,0.0688309791198712,0.0019866840795058,500,0.8260000000000001
A,informative_H,500,0.01,,PR_MLE,482,2.027910183698468,7.821410673985013,1.4240471142832556,0.1250855714215265,482,0.0028681976810865,0.0016952425939742,0.0535555569580459,0.0007208979670262,500,0.036
A,informative_H,500,0.01,,STD_ZIB,495,3.934090024369664,11.00147596969964,1.9834540640936615,0.1246511278806859,495,0.0032632803683342,0.0016933128297164,0.0571251290443557,0.0006661582482761,500,0.01
A,informative_H,500,0.02,,DR_CF,100,24.64462716997797,14.651640813864027,4.964335521495094,0.1475690024417551,100,0.007166006314181,0.0086286078830688,0.0846522670350948,0.0050965013609686,500,0.8
A,informative_H,500,0.02,,PR_MLE,488,1.5191909631495428,7.059781181451641,1.232554649153352,0.1296418289847637,488,0.0027214583378514,0.0015341363172108,0.0521675985440332,0.0006656151513873,500,0.024
A,informative_H,500,0.02,,STD_ZIB,495,3.934090024369664,11.00147596969964,1.9834540640936615,0.1246511278806859,495,0.0032632803683342,0.0016933128297164,0.0571251290443557,0.0006661582482761,500,0.01
A,informative_H,500,0.05,,DR_CF,126,8.398564936885501,12.854636462669582,2.8980277667554364,0.1975795484522544,126,0.0103515928010749,0.0113783448080236,0.1017427776359333,0.0049815011197187,500,0.748
A,informative_H,500,0.05,,PR_MLE,486,1.0056968854583452,3.546755517140087,1.0028443974308003,0.0802138885196754,486,0.0024925299945695,0.0013621456249456,0.0499252440611911,0.0006188069930061,500,0.028
A,informative_H,500,0.05,,STD_ZIB,495,3.934090024369664,11.00147596969964,1.9834540640936615,0.1246511278806859,495,0.0032632803683342,0.0016933128297164,0.0571251290443557,0.0006661582482761,500,0.01
A,informative_H,500,0.1,,DR_CF,286,3.0980124640325264,13.229442051314066,1.7601171733815129,0.2222219405408197,286,0.0065708376130795,0.0065058882984739,0.0810607032604549,0.002372920689725,500,0.428
A,informative_H,500,0.1,,PR_MLE,499,0.5647938758543521,0.4283015591658237,0.7515276946689005,0.012756290397961,499,0.0021251236601696,0.0011395054024392,0.0460990635498122,0.0005532787835842,500,0.002
A,informative_H,500,0.1,,STD_ZIB,495,3.934090024369664,11.00147596969964,1.9834540640936615,0.1246511278806859,495,0.0032632803683342,0.0016933128297164,0.0571251290443557,0.0006661582482761,500,0.01
A,informative_H,500,0.2,,DR_CF,469,0.2975085389127893,1.4810677342103926,0.5454434332841392,0.0626915180378775,469,0.0029199538018052,0.0030594692646555,0.0540365968747589,0.001307198941371,500,0.062
A,informative_H,500,0.2,,PR_MLE,500,0.3788509476155584,0.1881824718215118,0.6155086901218848,0.0068364396136066,500,0.0018283798174522,0.0009486759212041,0.0427595581999193,0.0004961005065842,500,0.0
A,informative_H,500,0.2,,STD_ZIB,495,3.934090024369664,11.00147596969964,1.9834540640936615,0.1246511278806859,495,0.0032632803683342,0.0016933128297164,0.0571251290443557,0.0006661582482761,500,0.01
A,informative_H,2500,0.01,,DR_CF,398,2.143953596562388,6.232352823414889,1.4642245717656797,0.106677495016492,398,0.0071319863520815,0.007086265371718,0.0844510885192224,0.0021030065661296,500,0.2039999999999999
A,informative_H,2500,0.01,,PR_MLE,500,0.1113046637030314,0.118239333805254,0.3336235358949238,0.0079248362167742,500,0.0004616345217942,0.0002403516253183,0.0214856817856515,0.0002501398736498,500,0.0
A,informative_H,2500,0.01,,STD_ZIB,500,1.2383316708217778,1.23438039815495,1.1128035185160845,0.024803646236205,500,0.0005405329947368,0.0003128926970836,0.0232493654695526,0.0003009326604024,500,0.0
A,informative_H,2500,0.02,,DR_CF,436,1.802200905207192,8.471651638067913,1.3424607648669633,0.1511100143582668,436,0.0059524607802173,0.0072821230604814,0.0771521923228196,0.0022601460404259,500,0.128
A,informative_H,2500,0.02,,PR_MLE,500,0.245816977616176,0.1851685590099039,0.4957993320045682,0.0083511505263184,500,0.0005122497311713,0.0002387733100148,0.0226329346566311,0.0002359010709419,500,0.0
A,informative_H,2500,0.02,,STD_ZIB,500,1.2383316708217778,1.23438039815495,1.1128035185160845,0.024803646236205,500,0.0005405329947368,0.0003128926970836,0.0232493654695526,0.0003009326604024,500,0.0
A,informative_H,2500,0.05,,DR_CF,483,0.3976806370586796,1.2953801825272826,0.6306192488805584,0.0467333016761998,483,0.0025776658528272,0.0033591908018535,0.0507707184588448,0.0015052817706162,500,0.034
A,informative_H,2500,0.05,,PR_MLE,500,0.4035225887648989,0.1530440980492288,0.6352342786444218,0.005387256612214,500,0.0005466295199937,0.000229202126052,0.023380109494904,0.0002192083550984,500,0.0
A,informative_H,2500,0.05,,STD_ZIB,500,1.2383316708217778,1.23438039815495,1.1128035185160845,0.024803646236205,500,0.0005405329947368,0.0003128926970836,0.0232493654695526,0.0003009326604024,500,0.0
A,informative_H,2500,0.1,,DR_CF,497,0.0907435055620084,0.3425020493045158,0.3012366271919942,0.0255004126318203,497,0.0011051830206536,0.0015785043608947,0.0332442930539008,0.0010649286080024,500,0.006
A,informative_H,2500,0.1,,PR_MLE,500,0.4263751043647186,0.1222458114558779,0.6529740457052782,0.0041862298536647,500,0.000542236506634,0.0002215603856046,0.0232859723145502,0.0002127564512405,500,0.0
A,informative_H,2500,0.1,,STD_ZIB,500,1.2383316708217778,1.23438039815495,1.1128035185160845,0.024803646236205,500,0.0005405329947368,0.0003128926970836,0.0232493654695526,0.0003009326604024,500,0.0
A,informative_H,2500,0.2,,DR_CF,500,0.021436062257174,0.025757262880967,0.1464105947572582,0.0039337993819138,500,0.0004463594439092,0.000481431140556,0.021127220449204,0.000509538279944,500,0.0
A,informative_H,2500,0.2,,PR_MLE,500,0.3229871943563399,0.0854227949611421,0.5683196234130402,0.0033609815408805,500,0.0005666028840556,0.0002268938853744,0.0238034216879778,0.0002131416894709,500,0.0
A,informative_H,2500,0.2,,STD_ZIB,500,1.2383316708217778,1.23438039815495,1.1128035185160845,0.024803646236205,500,0.0005405329947368,0.0003128926970836,0.0232493654695526,0.0003009326604024,500,0.0
B,nhanes_like,4000,0.8,0.02,DR_CF,500,0.0291260749703703,0.0330548257285455,0.1706636310710937,0.0043309073438527,500,0.0001815195155226,0.0001164313710575,0.0134729178548188,0.0001932383639561,500,0.0
B,nhanes_like,4000,0.8,0.02,PR_MLE,500,0.0287527869352653,0.0321709489408412,0.1695664676027232,0.004242373492201,500,0.000180632438473,0.0001158981034501,0.0134399567883636,0.0001928250528321,500,0.0
B,nhanes_like,4000,0.8,0.02,STD_ZIB,476,7.884579040530553,11.752130994080089,2.80794925889528,0.0959166265649536,476,0.0003768914470237,0.0001936296740329,0.0194136922563374,0.0002285758278517,500,0.048
B,nhanes_like,4000,0.8,0.04,DR_CF,500,0.0149978056662897,0.0129817225719844,0.1224655284816496,0.0023703008100234,500,0.0001689269568683,0.0001075033520093,0.0129971903451623,0.0001849513598847,500,0.0
B,nhanes_like,4000,0.8,0.04,PR_MLE,500,0.0149334369274763,0.0130739148176303,0.1222024423957079,0.0023922731568325,500,0.0001684291416074,0.0001073090899083,0.0129780253354436,0.0001848897759379,500,0.0
B,nhanes_like,4000,0.8,0.04,STD_ZIB,494,4.700349431105874,7.88501911020973,2.1680289276450795,0.0818171236567288,494,0.0003448476126369,0.0002025156585359,0.0185700730380092,0.0002453304901702,500,0.012
B,nhanes_like,4000,0.9,0.02,DR_CF,500,0.0253687931734196,0.0258688582299632,0.1592758398923692,0.0036317200111197,500,0.0001766523082188,0.0001139095489544,0.0132910612149238,0.0001916396972594,500,0.0
B,nhanes_like,4000,0.9,0.02,PR_MLE,500,0.025270648258693,0.0256428938492248,0.1589674440213879,0.0036069809223933,500,0.0001764002291142,0.0001138872078681,0.0132815747979776,0.0001917389635148,500,0.0
B,nhanes_like,4000,0.9,0.02,STD_ZIB,476,7.884579040530553,11.752130994080089,2.80794925889528,0.0959166265649536,476,0.0003768914470237,0.0001936296740329,0.0194136922563374,0.0002285758278517,500,0.048
B,nhanes_like,4000,0.9,0.04,DR_CF,500,0.0138811286359734,0.0124541183905949,0.117818201632742,0.0023636632485707,500,0.0001662962038982,0.0001068948768155,0.0128955885440832,0.0001853534719946,500,0.0
B,nhanes_like,4000,0.9,0.04,PR_MLE,500,0.0138624834868988,0.0124619089980519,0.1177390482673392,0.0023667318582182,500,0.0001661174502494,0.0001067565341946,0.0128886558744277,0.0001852131594071,500,0.0
B,nhanes_like,4000,0.9,0.04,STD_ZIB,494,4.700349431105874,7.88501911020973,2.1680289276450795,0.0818171236567288,494,0.0003448476126369,0.0002025156585359,0.0185700730380092,0.0002453304901702,500,0.012
B,nhanes_like,4000,0.95,0.02,DR_CF,500,0.0251482916247781,0.0265579162224943,0.158582128957768,0.0037447666016677,500,0.0001754220320647,0.0001142340794904,0.0132446982625039,0.00019285842684,500,0.0
B,nhanes_like,4000,0.95,0.02,PR_MLE,500,0.0250893520814387,0.0264124884233853,0.1583961870798622,0.0037286326557746,500,0.0001753031506599,0.0001141502525868,0.013240209615408,0.0001927822382328,500,0.0
B,nhanes_like,4000,0.95,0.02,STD_ZIB,476,7.884579040530553,11.752130994080089,2.80794925889528,0.0959166265649536,476,0.0003768914470237,0.0001936296740329,0.0194136922563374,0.0002285758278517,500,0.048
B,nhanes_like,4000,0.95,0.04,DR_CF,500,0.0139565945450391,0.0127721529947707,0.1181380317469321,0.0024174604818635,500,0.0001656640370802,0.0001068886346872,0.0128710542334447,0.000185695941333,500,0.0
B,nhanes_like,4000,0.95,0.04,PR_MLE,500,0.0139517441924033,0.0127773490517522,0.1181175016346154,0.0024188643221003,500,0.0001656553425525,0.0001070305069333,0.0128707164739398,0.0001859472933412,500,0.0
B,nhanes_like,4000,0.95,0.04,STD_ZIB,494,4.700349431105874,7.88501911020973,2.1680289276450795,0.0818171236567288,494,0.0003448476126369,0.0002025156585359,0.0185700730380092,0.0002453304901702,500,0.012
B,nhanes_like,8000,0.8,0.02,DR_CF,500,0.0131412262627927,0.0130229256243263,0.1146351877164807,0.0025402450627933,500,8.493628848408028e-05,5.2135817625158585e-05,0.0092160885675041,0.0001264953471513,500,0.0
B,nhanes_like,8000,0.8,0.02,PR_MLE,500,0.0130151123554062,0.0128186024134592,0.114083795323465,0.0025124748253481,500,8.46072426024243e-05,5.207698892928329e-05,0.0091982195343677,0.0001265980735448,500,0.0
B,nhanes_like,8000,0.8,0.02,STD_ZIB,496,5.4523197903862535,6.638259477642135,2.335020297639028,0.063825280213813,496,0.0001764560659735,0.0001070031977317,0.0132836766737814,0.0001808454665677,500,0.008
B,nhanes_like,8000,0.8,0.04,DR_CF,500,0.0071510461174149,0.0061974244830079,0.0845638582221444,0.0016387452891545,500,8.298025929796324e-05,5.722598640981478e-05,0.0091093501029416,0.0001404723654769,500,0.0
B,nhanes_like,8000,0.8,0.04,PR_MLE,500,0.0071193944377196,0.006205140835721,0.0843765040619697,0.0016444289643052,500,8.264784330252503e-05,5.710399729107618e-05,0.0090910859253735,0.0001404545296106,500,0.0
B,nhanes_like,8000,0.8,0.04,STD_ZIB,500,3.672778914282671,4.737426259450411,1.916449559545638,0.055275168092789,500,0.0001628253583756,9.514704479528466e-05,0.0127603040079628,0.0001667321247892,500,0.0
B,nhanes_like,8000,0.9,0.02,DR_CF,500,0.0119611368132798,0.0108280474853905,0.1093669822811246,0.0022138537368336,500,8.339969314507978e-05,5.131594987768938e-05,0.0091323432450319,0.0001256478750061,500,0.0
B,nhanes_like,8000,0.9,0.02,PR_MLE,500,0.0119488627612873,0.0108074747830472,0.1093108538128181,0.0022107821352662,500,8.332402035018408e-05,5.134518385328276e-05,0.0091281991844056,0.0001257765295145,500,0.0
B,nhanes_like,8000,0.9,0.02,STD_ZIB,496,5.4523197903862535,6.638259477642135,2.335020297639028,0.063825280213813,496,0.0001764560659735,0.0001070031977317,0.0132836766737814,0.0001808454665677,500,0.008
B,nhanes_like,8000,0.9,0.04,DR_CF,500,0.0065571496418437,0.0055489308763049,0.0809762288689946,0.0015322751892952,500,8.147991103289428e-05,5.738051849516314e-05,0.009026622349079,0.0001421425811089,500,0.0
B,nhanes_like,8000,0.9,0.04,PR_MLE,500,0.0065602592981111,0.005549470492019,0.0809954276370655,0.0015320609596491,500,8.144164999634629e-05,5.734240022881607e-05,0.0090245027561825,0.0001420815178063,500,0.0
B,nhanes_like,8000,0.9,0.04,STD_ZIB,500,3.672778914282671,4.737426259450411,1.916449559545638,0.055275168092789,500,0.0001628253583756,9.514704479528466e-05,0.0127603040079628,0.0001667321247892,500,0.0
B,nhanes_like,8000,0.95,0.02,DR_CF,500,0.0118591071346868,0.0106592250701835,0.1088995277064453,0.0021886919389265,500,8.305653966273674e-05,5.169460516476387e-05,0.0091135360679999,0.0001268362251007,500,0.0
B,nhanes_like,8000,0.95,0.02,PR_MLE,500,0.0118471627370917,0.0106799075178137,0.1088446725250793,0.0021940439204996,500,8.303832705898675e-05,5.170584948753823e-05,0.0091125368070031,0.0001268777254207,500,0.0
B,nhanes_like,8000,0.95,0.02,STD_ZIB,496,5.4523197903862535,6.638259477642135,2.335020297639028,0.063825280213813,496,0.0001764560659735,0.0001070031977317,0.0132836766737814,0.0001808454665677,500,0.008
B,nhanes_like,8000,0.95,0.04,DR_CF,500,0.0065484941200603,0.0055606828152024,0.0809227663890721,0.0015365348134943,500,8.108134828215514e-05,5.722941891372259e-05,0.0090045182148827,0.0001421162886787,500,0.0
B,nhanes_like,8000,0.95,0.04,PR_MLE,500,0.0065502016631912,0.0055660891722087,0.0809333161509599,0.0015378282207872,500,8.106370877820509e-05,5.720314711910253e-05,0.0090035386808857,0.0001420665029815,500,0.0
B,nhanes_like,8000,0.95,0.04,STD_ZIB,500,3.672778914282671,4.737426259450411,1.916449559545638,0.055275168092789,500,0.0001628253583756,9.514704479528466e-05,0.0127603040079628,0.0001667321247892,500,0.0
