epsilon,method,rmse,mcse,failure_rate,realized_min_e,ess
0.005,DR_CF,0.3012366271919942,0.025500412631820363,0.006000000000000005,0.005003217916397789,24.273382805557446
0.005,PR_MLE,0.6529740457052782,0.0041862298536647045,0.0,0.005003226647705114,
0.005,STD_ZIB,1.1128035185160845,0.02480364623620507,0.0,0.005003226647705114,
0.02,DR_CF,0.20053326794927634,0.004687526386880796,0.0,0.020002324780116095,64.01624735778387
0.02,PR_MLE,0.5232908359027453,0.0035993367085136512,0.0,0.020002324780116095,
0.02,STD_ZIB,1.1128035185160845,0.02480364623620507,0.0,0.020002324780116095,
0.05,DR_CF,0.164311493731467,0.0031092278700914342,0.0,0.05000099074696426,128.2974460966449
0.05,PR_MLE,0.32837683005376744,0.00311558342859151,0.0,0.05000099074696426,
0.05,STD_ZIB,1.1128035185160845,0.02480364623620507,0.0,0.05000099074696426,
