mode,design,method,block,term,estimate,se
A1C,primary_no_usualcare,OBS_ZIB,alpha,const,1.7601468069333857,0.7689139546853586
A1C,primary_no_usualcare,OBS_ZIB,alpha,AGE_YEARS_Z,2.9443260273908973,0.6628264277771736
A1C,primary_no_usualcare,OBS_ZIB,alpha,BMI_Z,-0.17747587212351595,0.20212959816493054
A1C,primary_no_usualcare,OBS_ZIB,alpha,FEMALE,1.1352756094948164,0.5560199406677145
A1C,primary_no_usualcare,OBS_ZIB,beta,const,-1.7340290864958297,0.18534628345646312
A1C,primary_no_usualcare,OBS_ZIB,beta,INSURED,0.16445878988923443,0.14725243034411012
A1C,primary_no_usualcare,OBS_ZIB,beta,AGE_YEARS_Z,0.6359218719685272,0.10637789463891505
A1C,primary_no_usualcare,OBS_ZIB,beta,BMI_Z,0.6537759473513581,0.07214557920882317
A1C,primary_no_usualcare,OBS_ZIB,beta,FEMALE,-0.6680719015817816,0.08917195378832363
A1C,primary_no_usualcare,PR_MLE_corrected,alpha,const,-1.918481455808219,0.05193761144748001
A1C,primary_no_usualcare,PR_MLE_corrected,alpha,AGE_YEARS_Z,1.0269926063340935,0.04155131588304652
A1C,primary_no_usualcare,PR_MLE_corrected,alpha,BMI_Z,0.6445949266591987,0.03529181343892331
A1C,primary_no_usualcare,PR_MLE_corrected,alpha,FEMALE,-0.43376794942088126,0.07095940432795855
A1C,primary_no_usualcare,PR_MLE_corrected,beta,const,1.0618860889290238,0.24582001699355197
A1C,primary_no_usualcare,PR_MLE_corrected,beta,INSURED,1.1505374594578195,0.24977137772535177
A1C,primary_no_usualcare,PR_MLE_corrected,beta,AGE_YEARS_Z,0.3811305260464534,0.12218679725665943
A1C,primary_no_usualcare,PR_MLE_corrected,beta,BMI_Z,-0.10218082985683666,0.08741403864305632
A1C,primary_no_usualcare,PR_MLE_corrected,beta,FEMALE,-0.6498621208156151,0.18813197646427185
A1C,primary_no_usualcare,DR_CF_empirical_m,alpha,const,-1.9187052698927949,0.07358209605664048
A1C,primary_no_usualcare,DR_CF_empirical_m,alpha,AGE_YEARS_Z,1.027532444867384,0.049037020540486594
A1C,primary_no_usualcare,DR_CF_empirical_m,alpha,BMI_Z,0.6434682875292705,0.04758760620804408
A1C,primary_no_usualcare,DR_CF_empirical_m,alpha,FEMALE,-0.43324296804941337,0.1003082508643328
A1C,primary_no_usualcare,DR_CF_empirical_m,beta,const,1.057157048486522,0.27762751300430377
A1C,primary_no_usualcare,DR_CF_empirical_m,beta,INSURED,1.157460681905959,0.2865299107737462
A1C,primary_no_usualcare,DR_CF_empirical_m,beta,AGE_YEARS_Z,0.3767263614847281,0.1433833639847427
A1C,primary_no_usualcare,DR_CF_empirical_m,beta,BMI_Z,-0.09808277259343993,0.0924720380822899
A1C,primary_no_usualcare,DR_CF_empirical_m,beta,FEMALE,-0.6524488807369578,0.23197032476947405
A1C,primary_no_usualcare,DR_CF_structural_m,alpha,const,-1.9186004909842633,0.07358105525873634
A1C,primary_no_usualcare,DR_CF_structural_m,alpha,AGE_YEARS_Z,1.0274842416556895,0.04903854032377826
A1C,primary_no_usualcare,DR_CF_structural_m,alpha,BMI_Z,0.6438543359976124,0.0476310109623257
A1C,primary_no_usualcare,DR_CF_structural_m,alpha,FEMALE,-0.43348709564712534,0.1003158164279575
A1C,primary_no_usualcare,DR_CF_structural_m,beta,const,1.0560625219613884,0.2775571340560083
A1C,primary_no_usualcare,DR_CF_structural_m,beta,INSURED,1.1581696593792445,0.28649042496789373
A1C,primary_no_usualcare,DR_CF_structural_m,beta,AGE_YEARS_Z,0.37736691449364057,0.143332555256789
A1C,primary_no_usualcare,DR_CF_structural_m,beta,BMI_Z,-0.09998066732996319,0.09225271104689417
A1C,primary_no_usualcare,DR_CF_structural_m,beta,FEMALE,-0.6508316247770737,0.2318735963516765
A1C,full_covariate,OBS_ZIB,alpha,const,1.2980499857168217,2.4479095515737823
A1C,full_covariate,OBS_ZIB,alpha,INSURED,0.07908816848130952,0.6519120191151978
A1C,full_covariate,OBS_ZIB,alpha,USUALCARE,0.3728204435744308,2.196168013707433
A1C,full_covariate,OBS_ZIB,alpha,AGE_YEARS_Z,2.9244088557569063,0.693492255054871
A1C,full_covariate,OBS_ZIB,alpha,BMI_Z,-0.1772190581209828,0.2062241614056946
A1C,full_covariate,OBS_ZIB,alpha,FEMALE,1.130785413196148,0.5624661635267654
A1C,full_covariate,OBS_ZIB,beta,const,-1.417361900290614,0.5029047549916045
A1C,full_covariate,OBS_ZIB,beta,INSURED,0.14900516739455877,0.20175196344834953
A1C,full_covariate,OBS_ZIB,beta,USUALCARE,-0.3017014553755947,0.4412895589417659
A1C,full_covariate,OBS_ZIB,beta,AGE_YEARS_Z,0.6339821251427966,0.1084941839974425
A1C,full_covariate,OBS_ZIB,beta,BMI_Z,0.6549515877280621,0.07334146602513204
A1C,full_covariate,OBS_ZIB,beta,FEMALE,-0.669100809481271,0.09113851088246361
A1C,full_covariate,PR_MLE_corrected,alpha,const,-1.7051217640871206,0.42444793071597053
A1C,full_covariate,PR_MLE_corrected,alpha,INSURED,-0.15333073406095546,0.12185836860957251
A1C,full_covariate,PR_MLE_corrected,alpha,USUALCARE,-0.08241845380832447,0.4112426819595847
A1C,full_covariate,PR_MLE_corrected,alpha,AGE_YEARS_Z,1.0389681070329069,0.04280933022220541
A1C,full_covariate,PR_MLE_corrected,alpha,BMI_Z,0.6467047306517917,0.03537170569906702
A1C,full_covariate,PR_MLE_corrected,alpha,FEMALE,-0.4306142058392076,0.0710353530066452
A1C,full_covariate,PR_MLE_corrected,beta,const,20.0,0.12284728090155832
A1C,full_covariate,PR_MLE_corrected,beta,INSURED,1.153930780949446,0.24975931667540122
A1C,full_covariate,PR_MLE_corrected,beta,USUALCARE,-18.94978230090349,0.12284728623622126
A1C,full_covariate,PR_MLE_corrected,beta,AGE_YEARS_Z,0.3761511670878105,0.12220318967039247
A1C,full_covariate,PR_MLE_corrected,beta,BMI_Z,-0.10073027174438401,0.08739346112041337
A1C,full_covariate,PR_MLE_corrected,beta,FEMALE,-0.6439805608689446,0.18812722606763346
A1C,full_covariate,DR_CF_empirical_m,alpha,const,-1.7062053944981064,0.45573994808952606
A1C,full_covariate,DR_CF_empirical_m,alpha,INSURED,-0.1529328497858754,0.14194368830088558
A1C,full_covariate,DR_CF_empirical_m,alpha,USUALCARE,-0.08222808051156379,0.44264206450815496
A1C,full_covariate,DR_CF_empirical_m,alpha,AGE_YEARS_Z,1.0396118053862131,0.05133672405799405
A1C,full_covariate,DR_CF_empirical_m,alpha,BMI_Z,0.6457248655485204,0.04751160909360222
A1C,full_covariate,DR_CF_empirical_m,alpha,FEMALE,-0.430288320671701,0.10078999431264783
A1C,full_covariate,DR_CF_empirical_m,beta,const,20.000437448545583,0.1386354044093732
A1C,full_covariate,DR_CF_empirical_m,beta,INSURED,1.153646537360813,0.2864117991747573
A1C,full_covariate,DR_CF_empirical_m,beta,USUALCARE,-18.947640999795837,0.13863540444720912
A1C,full_covariate,DR_CF_empirical_m,beta,AGE_YEARS_Z,0.37280884303280254,0.1434183340975236
A1C,full_covariate,DR_CF_empirical_m,beta,BMI_Z,-0.09731835113530911,0.09227871660555158
A1C,full_covariate,DR_CF_empirical_m,beta,FEMALE,-0.6464484536789069,0.23214264372707435
A1C,full_covariate,DR_CF_structural_m,alpha,const,-1.7059721604591052,0.45576412038782693
A1C,full_covariate,DR_CF_structural_m,alpha,INSURED,-0.152967839202194,0.1419360221131036
A1C,full_covariate,DR_CF_structural_m,alpha,USUALCARE,-0.08234270151560755,0.44266873298462567
A1C,full_covariate,DR_CF_structural_m,alpha,AGE_YEARS_Z,1.039532168778514,0.051337261343989984
A1C,full_covariate,DR_CF_structural_m,alpha,BMI_Z,0.6462130191855707,0.04755343777907118
A1C,full_covariate,DR_CF_structural_m,alpha,FEMALE,-0.4304858929825545,0.10079588838184741
A1C,full_covariate,DR_CF_structural_m,beta,const,20.000342703180532,0.1386364798429258
A1C,full_covariate,DR_CF_structural_m,beta,INSURED,1.1538431285207698,0.286420720345816
A1C,full_covariate,DR_CF_structural_m,beta,USUALCARE,-18.948104776295196,0.13863647988072375
A1C,full_covariate,DR_CF_structural_m,beta,AGE_YEARS_Z,0.37367320516716207,0.14334721341694073
A1C,full_covariate,DR_CF_structural_m,beta,BMI_Z,-0.09956139043383515,0.09201241925002976
A1C,full_covariate,DR_CF_structural_m,beta,FEMALE,-0.6449530486929647,0.23205059275734055
FPG,primary_no_usualcare,OBS_ZIB,alpha,const,-1.0298172092594267,0.5470136016735608
FPG,primary_no_usualcare,OBS_ZIB,alpha,AGE_YEARS_Z,0.2685106843415581,0.31723543762334144
FPG,primary_no_usualcare,OBS_ZIB,alpha,BMI_Z,0.6158603146296131,0.13202346813307503
FPG,primary_no_usualcare,OBS_ZIB,alpha,FEMALE,-0.833128580355336,0.18468121554448486
FPG,primary_no_usualcare,OBS_ZIB,beta,const,-0.3079690058056621,0.8702960643257549
FPG,primary_no_usualcare,OBS_ZIB,beta,INSURED,0.5093751142122872,0.42174764357709665
FPG,primary_no_usualcare,OBS_ZIB,beta,AGE_YEARS_Z,2.117097098846549,0.3957969201608192
FPG,primary_no_usualcare,OBS_ZIB,beta,BMI_Z,0.35714694698642263,0.25835696921218765
FPG,primary_no_usualcare,OBS_ZIB,beta,FEMALE,0.5353938729070598,0.42341003027493157
FPG,primary_no_usualcare,PR_MLE_corrected,alpha,const,-1.7372328336307334,0.06972915551069872
FPG,primary_no_usualcare,PR_MLE_corrected,alpha,AGE_YEARS_Z,1.0135510807358854,0.05690848787196177
FPG,primary_no_usualcare,PR_MLE_corrected,alpha,BMI_Z,0.7786338219978637,0.05054342443903258
FPG,primary_no_usualcare,PR_MLE_corrected,alpha,FEMALE,-0.5776518753098787,0.09825117135496347
FPG,primary_no_usualcare,PR_MLE_corrected,beta,const,0.6320808177624258,0.3014477463835489
FPG,primary_no_usualcare,PR_MLE_corrected,beta,INSURED,0.7704185262763142,0.306382702990191
FPG,primary_no_usualcare,PR_MLE_corrected,beta,AGE_YEARS_Z,0.23876852884824054,0.1325954987909043
FPG,primary_no_usualcare,PR_MLE_corrected,beta,BMI_Z,-0.0924148076404024,0.09539782916913468
FPG,primary_no_usualcare,PR_MLE_corrected,beta,FEMALE,-0.270882449416791,0.2035897250807488
FPG,primary_no_usualcare,DR_CF_empirical_m,alpha,const,-1.7372325720104365,0.10305397052523584
FPG,primary_no_usualcare,DR_CF_empirical_m,alpha,AGE_YEARS_Z,1.0135511652834153,0.06936590594628575
FPG,primary_no_usualcare,DR_CF_empirical_m,alpha,BMI_Z,0.7786338515833655,0.06908739361464077
FPG,primary_no_usualcare,DR_CF_empirical_m,alpha,FEMALE,-0.5776522816574086,0.1375973711409399
FPG,primary_no_usualcare,DR_CF_empirical_m,beta,const,0.6320789510563677,0.35089593625855703
FPG,primary_no_usualcare,DR_CF_empirical_m,beta,INSURED,0.7704201901477374,0.3820304022622415
FPG,primary_no_usualcare,DR_CF_empirical_m,beta,AGE_YEARS_Z,0.23876889634402806,0.1774196207878876
FPG,primary_no_usualcare,DR_CF_empirical_m,beta,BMI_Z,-0.09241441574641432,0.11144588839071748
FPG,primary_no_usualcare,DR_CF_empirical_m,beta,FEMALE,-0.2708823456004957,0.27248231888652996
FPG,primary_no_usualcare,DR_CF_structural_m,alpha,const,-1.737232571628756,0.10305397043791852
FPG,primary_no_usualcare,DR_CF_structural_m,alpha,AGE_YEARS_Z,1.013551165924422,0.06936590594411204
FPG,primary_no_usualcare,DR_CF_structural_m,alpha,BMI_Z,0.7786338280998284,0.06908739392445366
FPG,primary_no_usualcare,DR_CF_structural_m,alpha,FEMALE,-0.5776522765788673,0.13759737127488816
FPG,primary_no_usualcare,DR_CF_structural_m,beta,const,0.6320789083121237,0.35089593161118415
FPG,primary_no_usualcare,DR_CF_structural_m,beta,INSURED,0.7704202359878223,0.38203039865591426
FPG,primary_no_usualcare,DR_CF_structural_m,beta,AGE_YEARS_Z,0.2387688816055642,0.17741962208045228
FPG,primary_no_usualcare,DR_CF_structural_m,beta,BMI_Z,-0.09241436136609892,0.11144589297155222
FPG,primary_no_usualcare,DR_CF_structural_m,beta,FEMALE,-0.27088236900134405,0.2724823197625451
FPG,full_covariate,OBS_ZIB,alpha,const,-0.17088143770350145,1.2585831316381033
FPG,full_covariate,OBS_ZIB,alpha,INSURED,-0.09503879043086164,0.4368293406860249
FPG,full_covariate,OBS_ZIB,alpha,USUALCARE,-0.7687231654553487,1.0584974650728625
FPG,full_covariate,OBS_ZIB,alpha,AGE_YEARS_Z,0.2555343493590602,0.301869069028084
FPG,full_covariate,OBS_ZIB,alpha,BMI_Z,0.6083243869272605,0.1296328621846518
FPG,full_covariate,OBS_ZIB,alpha,FEMALE,-0.8124736409671348,0.17723991741580147
FPG,full_covariate,OBS_ZIB,beta,const,-2.146681753972174,1.6293178667868458
FPG,full_covariate,OBS_ZIB,beta,INSURED,0.6293404511083038,0.6582169395203815
FPG,full_covariate,OBS_ZIB,beta,USUALCARE,1.7501728069690627,1.729063713074474
FPG,full_covariate,OBS_ZIB,beta,AGE_YEARS_Z,2.1444044277269794,0.37735267397723105
FPG,full_covariate,OBS_ZIB,beta,BMI_Z,0.3757356589553691,0.24876125864546564
FPG,full_covariate,OBS_ZIB,beta,FEMALE,0.4616696904221396,0.4242817331335568
FPG,full_covariate,PR_MLE_corrected,alpha,const,-1.747594521887361,0.5837732802521106
FPG,full_covariate,PR_MLE_corrected,alpha,INSURED,-0.06431157185291739,0.16610730660305162
FPG,full_covariate,PR_MLE_corrected,alpha,USUALCARE,0.06579703960661325,0.5628881673739585
FPG,full_covariate,PR_MLE_corrected,alpha,AGE_YEARS_Z,1.018904207217699,0.058594884657619084
FPG,full_covariate,PR_MLE_corrected,alpha,BMI_Z,0.7792827862693216,0.050626695955142006
FPG,full_covariate,PR_MLE_corrected,alpha,FEMALE,-0.5759795987549334,0.09835260252851892
FPG,full_covariate,PR_MLE_corrected,beta,const,2.146812782431776,2.3585086819425936
FPG,full_covariate,PR_MLE_corrected,beta,INSURED,0.7712033809186386,0.3065357798614608
FPG,full_covariate,PR_MLE_corrected,beta,USUALCARE,-1.5219630223433391,2.3452842119374204
FPG,full_covariate,PR_MLE_corrected,beta,AGE_YEARS_Z,0.23459613559272371,0.1327002223398525
FPG,full_covariate,PR_MLE_corrected,beta,BMI_Z,-0.09176639149098671,0.09532062286535203
FPG,full_covariate,PR_MLE_corrected,beta,FEMALE,-0.2659448069295806,0.20365769011269735
FPG,full_covariate,DR_CF_empirical_m,alpha,const,-1.7476059787184952,0.5875111822910747
FPG,full_covariate,DR_CF_empirical_m,alpha,INSURED,-0.06431446202609058,0.19533129876875113
FPG,full_covariate,DR_CF_empirical_m,alpha,USUALCARE,0.06581092767391489,0.5617529748028843
FPG,full_covariate,DR_CF_empirical_m,alpha,AGE_YEARS_Z,1.0189048934988294,0.07325285190369359
FPG,full_covariate,DR_CF_empirical_m,alpha,BMI_Z,0.7792824173152464,0.06920672619441166
FPG,full_covariate,DR_CF_empirical_m,alpha,FEMALE,-0.5759796483954035,0.13823656066899118
FPG,full_covariate,DR_CF_empirical_m,beta,const,2.1468189396125466,1.1407840303689243
FPG,full_covariate,DR_CF_empirical_m,beta,INSURED,0.7711968687365802,0.382376071517157
FPG,full_covariate,DR_CF_empirical_m,beta,USUALCARE,-1.5219648066972968,1.1113999874965383
FPG,full_covariate,DR_CF_empirical_m,beta,AGE_YEARS_Z,0.23459833168911404,0.17766336665838084
FPG,full_covariate,DR_CF_empirical_m,beta,BMI_Z,-0.09176640577561455,0.11131041622280405
FPG,full_covariate,DR_CF_empirical_m,beta,FEMALE,-0.2659440085191511,0.2727528907019623
FPG,full_covariate,DR_CF_structural_m,alpha,const,-1.7476059630572305,0.5875111735038934
FPG,full_covariate,DR_CF_structural_m,alpha,INSURED,-0.064314466836317,0.19533129875349217
FPG,full_covariate,DR_CF_structural_m,alpha,USUALCARE,0.06581091569748562,0.5617529655737526
FPG,full_covariate,DR_CF_structural_m,alpha,AGE_YEARS_Z,1.018904894175074,0.07325285187772983
FPG,full_covariate,DR_CF_structural_m,alpha,BMI_Z,0.779282395250789,0.069206726206568
FPG,full_covariate,DR_CF_structural_m,alpha,FEMALE,-0.5759796420317647,0.13823656066398174
FPG,full_covariate,DR_CF_structural_m,beta,const,2.146818670325558,1.1407838056681796
FPG,full_covariate,DR_CF_structural_m,beta,INSURED,0.7711968817583953,0.38237607235934074
FPG,full_covariate,DR_CF_structural_m,beta,USUALCARE,-1.5219645503987582,1.1113997552750623
FPG,full_covariate,DR_CF_structural_m,beta,AGE_YEARS_Z,0.23459832226562816,0.17766336750310938
FPG,full_covariate,DR_CF_structural_m,beta,BMI_Z,-0.09176635395048037,0.11131042030803966
FPG,full_covariate,DR_CF_structural_m,beta,FEMALE,-0.26594403613810924,0.27275289140920733
