mode,design,method,success,objective,condition,max_abs_coef,score_norm_alpha,score_norm_beta
A1C,primary_no_usualcare,OBS_ZIB,True,2432.3581320267317,2055.5144211275265,2.9443260273908973,,
A1C,primary_no_usualcare,PR_MLE_corrected,True,3104.7140173080397,161.62855845372002,1.918481455808219,,
A1C,primary_no_usualcare,DR_CF_empirical_m,True,,159.00170355064716,1.9187052698927949,1.3379198240094683e-14,2.0932395535234584e-15
A1C,primary_no_usualcare,DR_CF_structural_m,True,,158.92480956866896,1.9186004909842633,3.748405855845408e-15,1.1217670043695933e-15
A1C,full_covariate,OBS_ZIB,True,2432.1196950782105,26070.895514819513,2.9244088557569063,,
A1C,full_covariate,PR_MLE_corrected,True,3103.145017714334,84256571033.00179,20.0,,
A1C,full_covariate,DR_CF_empirical_m,True,,1153592551256.6196,20.000437448545583,1.870674473381537e-14,4.24251956170085e-11
A1C,full_covariate,DR_CF_structural_m,True,,1154992554817.5076,20.000342703180532,3.5167308515995493e-15,1.7850844427784336e-12
FPG,primary_no_usualcare,OBS_ZIB,True,1207.282431086747,781.0507100201644,2.117097098846549,,
FPG,primary_no_usualcare,PR_MLE_corrected,True,1724.738048916158,127.53601030858718,1.7372328336307334,,
FPG,primary_no_usualcare,DR_CF_empirical_m,True,,127.53566469189876,1.7372325720104365,1.3141464502768554e-17,5.3708357081566026e-18
FPG,primary_no_usualcare,DR_CF_structural_m,True,,127.53566319453776,1.737232571628756,1.971014660988129e-17,6.239230854834076e-18
FPG,full_covariate,OBS_ZIB,True,1206.8679352763193,7794.039065773714,2.146681753972174,,
FPG,full_covariate,PR_MLE_corrected,True,1724.3197052579812,16222.537363814821,2.146812782431776,,
FPG,full_covariate,DR_CF_empirical_m,True,,16222.32585675588,2.1468189396125466,4.043055899598703e-17,4.370104682922938e-18
FPG,full_covariate,DR_CF_structural_m,True,,16222.321846432853,2.146818670325558,1.9743554666455588e-17,7.20894273685693e-18
