scenario,rho,method,param,reps,true,mean_est,bias,rmse,rmse_mcse,empirical_sd,mean_se,median_se,coverage,coverage_mcse
clean,0.01,DR_CF,alpha0,355,-0.8,-0.8737580277225802,-0.07375802772258,0.7264135613056999,0.0537056599164451,0.7236792518143593,1.5033860281878846,0.5847578819317606,0.9323943661971832,0.0133253028484397
clean,0.01,DR_CF,alpha1,355,1.2,1.866900634415943,0.6669006344159433,1.4919495214390552,0.1350504921767314,1.3364836082258198,3.508745183618169,0.7805522678331721,0.971830985915493,0.0087814658742972
clean,0.01,DR_CF,alpha2,355,-0.9,-1.3869866891576672,-0.4869866891576672,1.6653866531601325,0.3250130198585783,1.5948421609848795,4.694309200655181,0.6984500829172766,0.9577464788732394,0.0106768356708001
clean,0.01,DR_CF,alpha3,355,0.6,0.8604369084476388,0.2604369084476386,1.1059490606220903,0.1896585133075713,1.0763640133645345,2.168214192625153,0.6516013159268502,0.952112676056338,0.0113328797664361
clean,0.01,DR_CF,beta0,355,0.2,1.1923578308744494,0.9923578308744494,2.343083716128857,0.2344681332666274,2.125557333946961,7.922411454160986,1.2413342475050786,0.9464788732394366,0.0119454883640601
clean,0.01,DR_CF,beta1,355,0.5,0.4387374819079813,-0.0612625180920188,1.390289977062946,0.1351486861215326,1.3908999637987336,4.406006536296098,0.8197441787599887,0.9633802816901408,0.0099687843129547
clean,0.01,DR_CF,beta2,355,1.0,1.8306514619233043,0.8306514619233045,2.289787120728737,0.3093697268261355,2.136821282541078,8.376643250194455,1.0790008255773256,0.9408450704225352,0.0125210385075466
clean,0.01,DR_CF,beta3,355,-0.6,-1.058952089518354,-0.458952089518354,1.6093041450558447,0.1703775109227965,1.5446500507276102,5.483790248321348,0.8803412438913845,0.9352112676056338,0.0130644289180661
clean,0.01,PR_MLE,alpha0,500,-0.8,-0.7836872947430679,0.0163127052569322,0.3483687624013517,0.0142680816489022,0.3483351331609235,0.3171314955224899,0.3126768524221271,0.916,0.0124051602166195
clean,0.01,PR_MLE,alpha1,500,1.2,1.2099049588835178,0.0099049588835179,0.1449852080347357,0.0051873036161838,0.1447913374521894,0.1418782505974238,0.141377242310647,0.944,0.0102824121683581
clean,0.01,PR_MLE,alpha2,500,-0.9,-0.9117076590411906,-0.0117076590411905,0.1770944106222398,0.0062069259969225,0.1768839644149464,0.1673955372499574,0.1636277329132434,0.942,0.0104533248299285
clean,0.01,PR_MLE,alpha3,500,0.6,0.596587250570225,-0.0034127494297749,0.1427049213877303,0.0049606965890263,0.1428069865252001,0.1361640003063287,0.1334099196412218,0.932,0.0112584190719656
clean,0.01,PR_MLE,beta0,500,0.2,0.2817290543105691,0.0817290543105691,0.5557280510471161,0.0238526328239593,0.5502359016795617,0.4925543377704529,0.4673855328793123,0.936,0.0109456840809517
clean,0.01,PR_MLE,beta1,500,0.5,0.490671663287103,-0.009328336712897,0.2081333879747423,0.008664816426816,0.2081324760319104,0.1924421768944601,0.1875415009956249,0.936,0.0109456840809517
clean,0.01,PR_MLE,beta2,500,1.0,1.0393367373829223,0.0393367373829225,0.2233506342768713,0.0086971603474941,0.2200795240766011,0.2132258739457236,0.203955962949984,0.944,0.0102824121683581
clean,0.01,PR_MLE,beta3,500,-0.6,-0.6195631735948702,-0.0195631735948702,0.17541240912289,0.0063923224141891,0.1744926671667984,0.1699748976483131,0.1651592345498888,0.95,0.0097467943448089
clean,0.02,DR_CF,alpha0,462,-0.8,-0.8959215976470314,-0.0959215976470313,0.4092301040557015,0.0128371030666763,0.3982607693575434,0.4056923390198539,0.3760983308717974,0.9090909090909092,0.0133747701440113
clean,0.02,DR_CF,alpha1,462,1.2,1.4378147918017574,0.2378147918017574,0.5735393194965799,0.0230261849998317,0.522477125517631,0.5341109306267416,0.4394558481851752,0.9177489177489178,0.0127823811471634
clean,0.02,DR_CF,alpha2,462,-0.9,-1.028876889353612,-0.1288768893536121,0.448290761047196,0.020437991304691,0.4298316612168734,0.437468694424766,0.3748814756587332,0.961038961038961,0.0090025340833749
clean,0.02,DR_CF,alpha3,462,0.6,0.7221593147235273,0.1221593147235273,0.4866653789237812,0.0456700632926055,0.4715948279942551,0.4568775390458912,0.3757470976758197,0.9437229437229436,0.010721781569775
clean,0.02,DR_CF,beta0,462,0.2,1.0725272601810292,0.8725272601810289,2.211282896244682,0.369207540352454,2.0340658027698413,6.01370148498786,0.8182893252213174,0.948051948051948,0.0103247539981861
clean,0.02,DR_CF,beta1,462,0.5,0.2683375528553562,-0.2316624471446437,1.1534032277120037,0.2177057816977949,1.131123719497259,3.208816226599801,0.5032524237846733,0.9502164502164502,0.0101188979211971
clean,0.02,DR_CF,beta2,462,1.0,1.6328849190750536,0.6328849190750535,1.624954415299905,0.1853164544639156,1.4982631240856383,4.460808587236391,0.6416855258413547,0.9545454545454546,0.0096909416525277
clean,0.02,DR_CF,beta3,462,-0.6,-1.051541395833704,-0.451541395833704,1.3717881553200464,0.2390972769360296,1.2967470206935023,4.432832022811378,0.5210559328573308,0.945887445887446,0.0105256217592999
clean,0.02,PR_MLE,alpha0,500,-0.8,-0.7787613383122356,0.0212386616877645,0.2581216750442341,0.0110374233749704,0.2575040486039953,0.2432593938410819,0.2381299091122165,0.93,0.0114105214604767
clean,0.02,PR_MLE,alpha1,500,1.2,1.2095386688620249,0.0095386688620248,0.1394476140731254,0.0043087155807378,0.1392603236478825,0.136550386094322,0.1354969368410615,0.94,0.0106207344378814
clean,0.02,PR_MLE,alpha2,500,-0.9,-0.916111488173739,-0.016111488173739,0.1437381610072078,0.0047673677122957,0.1429753923029057,0.1362921627329152,0.1348791681851166,0.94,0.0106207344378814
clean,0.02,PR_MLE,alpha3,500,0.6,0.6069439140225252,0.0069439140225251,0.1300523661839591,0.0044390849004695,0.1299969169053796,0.1208899151210067,0.119106016106717,0.944,0.0102824121683581
clean,0.02,PR_MLE,beta0,500,0.2,0.2252010157824337,0.0252010157824336,0.3835848250013307,0.0134674268951515,0.3831394242461332,0.3732907340337327,0.3629123079380653,0.95,0.0097467943448089
clean,0.02,PR_MLE,beta1,500,0.5,0.5028153878528466,0.0028153878528466,0.180299369095961,0.0057599560918387,0.1804579347661936,0.1702075828266202,0.1690032117318639,0.934,0.0111035129576184
clean,0.02,PR_MLE,beta2,500,1.0,1.0215111559993388,0.0215111559993388,0.1890563488433475,0.0064775899900576,0.1880166847730693,0.1859989807255918,0.1826021359694669,0.962,0.0085505555375074
clean,0.02,PR_MLE,beta3,500,-0.6,-0.6134806972305371,-0.0134806972305371,0.1497284192455311,0.0054044336420559,0.1492696660354701,0.153412358659946,0.1502580978899936,0.97,0.0076288924491042
clean,0.05,DR_CF,alpha0,499,-0.8,-0.8440395514263068,-0.0440395514263068,0.2504745905102504,0.0068599365025751,0.2468200211002097,0.2356448584752694,0.2347466889464711,0.8817635270541082,0.0144544484842688
clean,0.05,DR_CF,alpha1,499,1.2,1.2586073971005045,0.0586073971005044,0.3086531546114484,0.009529204483124,0.303341959425963,0.2714484819980172,0.2497036000948483,0.9118236472945892,0.0126934950542136
clean,0.05,DR_CF,alpha2,499,-0.9,-0.9424171875748693,-0.0424171875748691,0.2259066015575367,0.0079602497477968,0.2221113221643538,0.2073641594718566,0.194590009351824,0.9418837675350702,0.0104736271515384
clean,0.05,DR_CF,alpha3,499,0.6,0.6225959624536127,0.0225959624536127,0.2171886365516681,0.0080238539761182,0.2162267831753527,0.2160784020452183,0.203039363546179,0.9418837675350702,0.0104736271515384
clean,0.05,DR_CF,beta0,499,0.2,0.4630380431127887,0.2630380431127887,0.7044679299658323,0.0942669513830842,0.6541740248131601,1.1098695673787145,0.4190346761110991,0.9018036072144288,0.0133215107159231
clean,0.05,DR_CF,beta1,499,0.5,0.4655521464398653,-0.0344478535601346,0.4746710996526291,0.1216580008759207,0.4738945562420167,0.9222226958759796,0.2629406374083393,0.9078156312625252,0.0129502215530253
clean,0.05,DR_CF,beta2,499,1.0,1.2457072887388072,0.2457072887388071,1.148681320076657,0.4771039505189541,1.1232208197798488,2.2985632756540717,0.3069712282004351,0.8877755511022044,0.0141300942339704
clean,0.05,DR_CF,beta3,499,-0.6,-0.728686726759452,-0.1286867267594521,0.4754752740778175,0.1168217254405817,0.4581890203875448,0.9357717323525327,0.2581763722944835,0.9198396793587176,0.0121558552519248
clean,0.05,PR_MLE,alpha0,500,-0.8,-0.8008469475397175,-0.0008469475397175,0.1704060222837713,0.0059398275879349,0.1705745774827215,0.1634204335671601,0.1625963874703803,0.936,0.0109456840809517
clean,0.05,PR_MLE,alpha1,500,1.2,1.2101996210155406,0.0101996210155405,0.1253846080902659,0.0037789847606363,0.1250942237143758,0.1229767066000665,0.1228387860336792,0.946,0.0101078187557949
clean,0.05,PR_MLE,alpha2,500,-0.9,-0.910019305519025,-0.0100193055190249,0.1121931849943099,0.0033460391708915,0.1118568199638661,0.1057658748710354,0.105403408166005,0.94,0.0106207344378814
clean,0.05,PR_MLE,alpha3,500,0.6,0.5990315818946536,-0.0009684181053464,0.1033049690859714,0.0034685902344834,0.1034038854748182,0.1021069525701205,0.1018730933686082,0.954,0.0093684577172552
clean,0.05,PR_MLE,beta0,500,0.2,0.2310897310824095,0.0310897310824095,0.2791295313947685,0.010224895199359,0.2776705345718651,0.2664680345278066,0.2634176051986991,0.934,0.0111035129576184
clean,0.05,PR_MLE,beta1,500,0.5,0.5012215681685235,0.0012215681685235,0.148418958736092,0.0045177598560421,0.1485625684923006,0.1467981895882925,0.1455156240201533,0.952,0.0095599163176253
clean,0.05,PR_MLE,beta2,500,1.0,1.0277010637663333,0.0277010637663334,0.1738029568754947,0.0062215116234662,0.1717530701883283,0.1628241768522959,0.1607996974756971,0.936,0.0109456840809517
clean,0.05,PR_MLE,beta3,500,-0.6,-0.6133751869143109,-0.0133751869143109,0.1355412262424093,0.0044128153568016,0.1350147634854103,0.1368233046705954,0.1356497776203213,0.958,0.0089706187077592
clean,0.1,DR_CF,alpha0,500,-0.8,-0.8126441536236364,-0.0126441536236364,0.164343956619124,0.0049877664569785,0.1640209352209403,0.1635998480490696,0.1587776664826696,0.944,0.0102824121683581
clean,0.1,DR_CF,alpha1,500,1.2,1.2316205921936938,0.0316205921936937,0.1993196361549486,0.0068382123874678,0.1969925573252561,0.1906538041082369,0.1731420797864359,0.922,0.0119929979571414
clean,0.1,DR_CF,alpha2,500,-0.9,-0.9195686915329117,-0.0195686915329115,0.1500509943598702,0.0048912968259907,0.1489185034218325,0.1417744477208977,0.1339863420513645,0.934,0.0111035129576184
clean,0.1,DR_CF,alpha3,500,0.6,0.6158643479820308,0.0158643479820308,0.1525753060987356,0.0052420406880605,0.1519002761090047,0.1405039012997502,0.1360950468249965,0.918,0.0122699633251285
clean,0.1,DR_CF,beta0,500,0.2,0.2898523004174546,0.0898523004174545,0.3363962882883562,0.0109104752710347,0.3244990387291565,0.2953559237854145,0.2865817989842777,0.904,0.0131745208641528
clean,0.1,DR_CF,beta1,500,0.5,0.4744080572413344,-0.0255919427586656,0.2056125902518034,0.007029843073509,0.2042180201044069,0.1915779519318224,0.1843390581984717,0.916,0.0124051602166195
clean,0.1,DR_CF,beta2,500,1.0,1.0764908517078298,0.0764908517078297,0.2638756146653707,0.0086007291911633,0.2527989403231251,0.2261025563602274,0.2181628609725998,0.894,0.0137669168661686
clean,0.1,DR_CF,beta3,500,-0.6,-0.6531214303300509,-0.0531214303300509,0.2115149350365994,0.0066133901132279,0.2049406810487461,0.1850406349438291,0.1771231789610548,0.918,0.0122699633251285
clean,0.1,PR_MLE,alpha0,500,-0.8,-0.7988081942169538,0.0011918057830462,0.1268926252672542,0.0037672387767525,0.1270141059584176,0.1238457506203384,0.1240450142614347,0.972,0.0073778045514909
clean,0.1,PR_MLE,alpha1,500,1.2,1.210553918209743,0.0105539182097429,0.1132230589520101,0.0036462141026695,0.1128430014436963,0.1099090301846442,0.109749283046885,0.942,0.0104533248299285
clean,0.1,PR_MLE,alpha2,500,-0.9,-0.9064505726925414,-0.0064505726925413,0.0958425281185202,0.0028360258980874,0.0957209763778297,0.0905684481164784,0.0904294030754705,0.946,0.0101078187557949
clean,0.1,PR_MLE,alpha3,500,0.6,0.6026652056344195,0.0026652056344196,0.0907880054273288,0.0029444878149031,0.0908397618505524,0.0893896196511306,0.0889719432783359,0.946,0.0101078187557949
clean,0.1,PR_MLE,beta0,500,0.2,0.2127216144080018,0.0127216144080017,0.2170699718502543,0.0071200686234359,0.2169138918531547,0.2100950624995674,0.2086581388563748,0.95,0.0097467943448089
clean,0.1,PR_MLE,beta1,500,0.5,0.5020528454951582,0.0020528454951581,0.131657969367462,0.0041647832613363,0.1317738038994276,0.1300589342689024,0.130138813826476,0.936,0.0109456840809517
clean,0.1,PR_MLE,beta2,500,1.0,1.0144673084934552,0.0144673084934551,0.1460896942751279,0.0045499834431847,0.1455171682340516,0.1462556669511367,0.1452610089057271,0.956,0.0091721317042441
clean,0.1,PR_MLE,beta3,500,-0.6,-0.6125725730052818,-0.0125725730052817,0.1228537551189005,0.0040663375358454,0.1223311299938522,0.1233774565099808,0.1229341870072164,0.952,0.0095599163176253
clean,0.2,DR_CF,alpha0,500,-0.8,-0.8147801161916132,-0.0147801161916132,0.1156503557703778,0.0038132623809466,0.1148168924538671,0.1110668648585123,0.1078708003648634,0.924,0.0118510759005248
clean,0.2,DR_CF,alpha1,500,1.2,1.2217047783694368,0.0217047783694368,0.1479097512082105,0.0092328799255745,0.146455096493725,0.1306487109273842,0.1216857868707942,0.928,0.0115599307956406
clean,0.2,DR_CF,alpha2,500,-0.9,-0.9106668140568112,-0.0106668140568112,0.1086155539994346,0.00360670354197,0.1081987596586248,0.1001659721600739,0.0949002645506465,0.938,0.0107848041243223
clean,0.2,DR_CF,alpha3,500,0.6,0.6064886134860358,0.0064886134860357,0.0930620622233109,0.0031122352440689,0.0929285572565926,0.0981623007360345,0.0948467255381088,0.964,0.0083311463797006
clean,0.2,DR_CF,beta0,500,0.2,0.2532256926911149,0.0532256926911148,0.2350108112718349,0.0079303174009843,0.2291333918806826,0.2071943524388563,0.2013017845038019,0.92,0.0121326007104824
clean,0.2,DR_CF,beta1,500,0.5,0.4880555501460932,-0.0119444498539068,0.1568235902106286,0.0057684562424917,0.1565246578058587,0.1420458955828061,0.1375551360855697,0.92,0.0121326007104824
clean,0.2,DR_CF,beta2,500,1.0,1.0481314625859572,0.0481314625859571,0.1802408663166681,0.0057909237535415,0.173869472267828,0.1634862926790831,0.1578359431773559,0.936,0.0109456840809517
clean,0.2,DR_CF,beta3,500,-0.6,-0.6306029414355413,-0.0306029414355413,0.1490150983286633,0.0045877193651359,0.1459848713762336,0.1352974881172507,0.1313536548115219,0.926,0.0117067501895274
clean,0.2,PR_MLE,alpha0,500,-0.8,-0.8058477280997514,-0.0058477280997513,0.0915619045316304,0.0033622062532298,0.0914664893547388,0.0933071810151172,0.0933964804963543,0.956,0.0091721317042441
clean,0.2,PR_MLE,alpha1,500,1.2,1.2080958040192828,0.008095804019283,0.092543305283482,0.0028564400537977,0.0922808366656074,0.0942220677857681,0.0940657364203127,0.956,0.0091721317042441
clean,0.2,PR_MLE,alpha2,500,-0.9,-0.9049958101291998,-0.0049958101291998,0.0808139071476411,0.0025327514620791,0.0807401226431407,0.0776406489189573,0.0774486101276759,0.938,0.0107848041243223
clean,0.2,PR_MLE,alpha3,500,0.6,0.5994932262009957,-0.0005067737990043,0.071706122538983,0.0022371749281592,0.0717761438051067,0.0758999589821167,0.0756216030229664,0.958,0.0089706187077592
clean,0.2,PR_MLE,beta0,500,0.2,0.2170579550718574,0.0170579550718574,0.1739471033398207,0.0055690809503222,0.1732820656549201,0.1677102704253632,0.1666123220392398,0.946,0.0101078187557949
clean,0.2,PR_MLE,beta1,500,0.5,0.5032774900057455,0.0032774900057455,0.1168235891501719,0.0038823790334552,0.1168945581138131,0.1148804460750615,0.1144550865368065,0.962,0.0085505555375074
clean,0.2,PR_MLE,beta2,500,1.0,1.0190103640519594,0.0190103640519593,0.1308053414539742,0.0041313049110768,0.1295461609896529,0.1299719337202289,0.1294019288903753,0.954,0.0093684577172552
clean,0.2,PR_MLE,beta3,500,-0.6,-0.6120423548229098,-0.0120423548229097,0.10860158528984,0.003378856020094,0.1080399522415029,0.1098193432044565,0.1092715248819138,0.962,0.0085505555375074
informative_H,0.01,DR_CF,alpha0,398,-0.8,-0.7652255356247568,0.0347744643752432,1.248036971522464,0.3586575980304691,1.2491226477968844,0.6324060502747713,0.4561269123122463,0.8140703517587939,0.0195013086886011
informative_H,0.01,DR_CF,alpha1,398,1.2,1.664443582339309,0.4644435823393088,1.10422280071774,0.1441772526156023,1.00305937637335,1.2826063077885124,0.5174843913740101,0.8994974874371859,0.0150711676488564
informative_H,0.01,DR_CF,alpha2,398,-0.9,-1.1691915118498195,-0.2691915118498196,0.865393181469862,0.1036218332748405,0.8234957017624833,1.153246956958602,0.4593433039320125,0.9296482412060302,0.0128190331196242
informative_H,0.01,DR_CF,alpha3,398,0.6,0.813549945317411,0.213549945317411,0.8341358166600689,0.1131247114871814,0.8073516655844934,1.1504185856121212,0.4506875155329539,0.8844221105527639,0.0160260184898991
informative_H,0.01,DR_CF,beta0,398,0.2,0.997634342588688,0.797634342588688,2.092478572151056,0.2267458041847551,1.9369234220416836,8.055426795838697,0.9703879730646942,0.9045226130653268,0.0147305322953899
informative_H,0.01,DR_CF,beta1,398,0.5,0.4401789883054038,-0.059821011694596,1.2730289463637745,0.2040211239276058,1.2732231750628304,4.87096321409349,0.6105072253778583,0.9321608040201004,0.0126050400174277
informative_H,0.01,DR_CF,beta2,398,1.0,1.6124796478880314,0.6124796478880313,1.9270656386083391,0.2185352962938798,1.8294424976030403,8.308864397737514,0.8306142178337417,0.8994974874371859,0.0150711676488564
informative_H,0.01,DR_CF,beta3,398,-0.6,-1.1264886539886168,-0.5264886539886168,1.793707146866837,0.2500617316433173,1.7168579029009248,7.681025314541019,0.6671490745807245,0.8869346733668342,0.0158733649533096
informative_H,0.01,PR_MLE,alpha0,500,-0.8,-0.4196953225831012,0.3803046774168988,0.5486411775412952,0.0177020160769316,0.3958394520159304,0.3907771800772407,0.3776814419514683,0.882,0.0144274737913468
informative_H,0.01,PR_MLE,alpha1,500,1.2,1.2011433798930735,0.0011433798930736,0.1646310294812141,0.0053565284812733,0.1647919333981208,0.1602780998299258,0.1601720020548812,0.946,0.0101078187557949
informative_H,0.01,PR_MLE,alpha2,500,-0.9,-1.074755952965763,-0.1747559529657632,0.2506267288827883,0.0073290745177863,0.1798298966160758,0.1851791879457626,0.1812772183202746,0.894,0.0137669168661686
informative_H,0.01,PR_MLE,alpha3,500,0.6,0.6864060472993517,0.0864060472993518,0.1771793838315514,0.0056780746384343,0.1548369400402645,0.1547753070850108,0.1518886583348994,0.94,0.0106207344378814
informative_H,0.01,PR_MLE,beta0,500,0.2,-0.1802272135980063,-0.3802272135980063,0.5857540905062923,0.0143238560025708,0.4460190428193226,0.4274069995905201,0.4101593552639501,0.762,0.0190449993436597
informative_H,0.01,PR_MLE,beta1,500,0.5,0.5971944580195189,0.0971944580195189,0.2076008348168547,0.006063268529153,0.1836267450835169,0.1757499448761638,0.1735469175932164,0.864,0.0153299706457644
informative_H,0.01,PR_MLE,beta2,500,1.0,0.8976925099678814,-0.1023074900321185,0.2277941451774867,0.0068648190918187,0.2037311041202152,0.1948932817648767,0.1872199946294033,0.888,0.0141036165574649
informative_H,0.01,PR_MLE,beta3,500,-0.6,-0.5193178382779228,0.0806821617220771,0.173275408059664,0.0053841066146647,0.1534987934064961,0.1509018416201468,0.1472518027756126,0.886,0.0142129518397833
informative_H,0.02,DR_CF,alpha0,436,-0.8,-0.8463157093385221,-0.0463157093385219,0.5477955611759918,0.0676515677123448,0.5464611052693124,0.6966009369737993,0.4013091419604823,0.8899082568807339,0.0149901765399133
informative_H,0.02,DR_CF,alpha1,436,1.2,1.5079150168325544,0.3079150168325544,0.9973749097651274,0.1973372532437053,0.9497441193502544,1.213376679886279,0.4309452801156239,0.9128440366972476,0.0135083903049893
informative_H,0.02,DR_CF,alpha2,436,-0.9,-1.0527210105132865,-0.1527210105132865,0.6411239893820048,0.0499582209649807,0.6233839623075423,0.6030889444475875,0.3728149654213629,0.8922018348623854,0.0148523096720028
informative_H,0.02,DR_CF,alpha3,436,0.6,0.7524563731383674,0.1524563731383674,0.7670527708356506,0.1027222043816373,0.752612881953401,0.8830648408264601,0.3554960554434908,0.8967889908256881,0.0145701794835346
informative_H,0.02,DR_CF,beta0,436,0.2,0.9168818519505666,0.7168818519505668,2.0053031257847764,0.2618987178400267,1.8749356905256436,8.737818640158054,0.8724939459900818,0.9380733944954128,0.0115428699382415
informative_H,0.02,DR_CF,beta1,436,0.5,0.4508781351180803,-0.0491218648819197,1.1186061365494375,0.1161011041190029,1.1188108370583243,5.049894524551808,0.6001326916683591,0.9610091743119266,0.0092704696891485
informative_H,0.02,DR_CF,beta2,436,1.0,1.549060185617329,0.5490601856173289,1.7741372767784285,0.2277028834085472,1.6889756477893985,8.269689129405634,0.6805272129606603,0.8853211009174312,0.0152598027741486
informative_H,0.02,DR_CF,beta3,436,-0.6,-1.0220194955976103,-0.4220194955976104,1.9243900954103996,0.3643368840136549,1.8797022741185736,9.209434928141397,0.605738282021379,0.9105504587155964,0.0136677750691324
informative_H,0.02,PR_MLE,alpha0,500,-0.8,0.0164782057256597,0.8164782057256598,0.9039241924952284,0.0197570948492752,0.3882573539534776,0.3623443465023648,0.3545499294415037,0.4,0.0219089023002066
informative_H,0.02,PR_MLE,alpha1,500,1.2,1.1850716149564848,-0.0149283850435151,0.1772396786820875,0.0059684016541911,0.1767867476016721,0.1741067715629622,0.1720892416180481,0.942,0.0104533248299285
informative_H,0.02,PR_MLE,alpha2,500,-0.9,-1.245995013262308,-0.3459950132623078,0.3882343013086552,0.0080054929269275,0.1762823713794248,0.1738042178470083,0.1688641667042562,0.514,0.0223519126698365
informative_H,0.02,PR_MLE,alpha3,500,0.6,0.7722656527076129,0.172265652707613,0.2416408885085245,0.0069719625004137,0.169624316399026,0.1604852046715941,0.1555617067019171,0.83,0.0167988094816269
informative_H,0.02,PR_MLE,beta0,500,0.2,-0.5870607656179734,-0.7870607656179734,0.8430810871043275,0.0125030030489875,0.3024964112439935,0.2872883530822644,0.2849875807429295,0.266,0.0197607692157972
informative_H,0.02,PR_MLE,beta1,500,0.5,0.7004597983946478,0.2004597983946478,0.2468210490488027,0.00576915825559,0.1441459523965666,0.1425652036197038,0.1428573591307458,0.678,0.0208957411928842
informative_H,0.02,PR_MLE,beta2,500,1.0,0.7567298152584749,-0.243270184741525,0.2982939862991444,0.006533412104852,0.1727965183432859,0.1587786330584899,0.1569933373434378,0.622,0.0216848334095514
informative_H,0.02,PR_MLE,beta3,500,-0.6,-0.4190518402962378,0.1809481597037621,0.2196386300069251,0.0047042449996738,0.1246192248151456,0.1236856787611317,0.1230578264146287,0.65,0.0213307290077015
informative_H,0.05,DR_CF,alpha0,483,-0.8,-0.8722341704242191,-0.0722341704242189,0.3092206524620282,0.0112796675335839,0.3009770550146715,0.3087646860949156,0.2545328546602795,0.906832298136646,0.0132258202509431
informative_H,0.05,DR_CF,alpha1,483,1.2,1.3033967910945647,0.1033967910945648,0.4154189833752146,0.0251495563633951,0.402762821254578,0.3759489848081789,0.2636520819067365,0.8985507246376812,0.0137379587698112
informative_H,0.05,DR_CF,alpha2,483,-0.9,-0.9737468582688896,-0.0737468582688895,0.3517285577992755,0.026776357517563,0.3442669920230899,0.3076085084579383,0.2360810660687942,0.9192546583850932,0.012396614396422
informative_H,0.05,DR_CF,alpha3,483,0.6,0.66473257766928,0.06473257766928,0.3233129049582868,0.0144461664935538,0.3170947872479477,0.3000766614869001,0.2324566417936964,0.9192546583850932,0.012396614396422
informative_H,0.05,DR_CF,beta0,483,0.2,0.6381607285428826,0.4381607285428825,1.0466400563567282,0.0834538192982709,0.9514961922314624,1.480284760418393,0.4807290968899265,0.937888198757764,0.0109821920023915
informative_H,0.05,DR_CF,beta1,483,0.5,0.3712436259108145,-0.1287563740891854,0.5448730894995498,0.0569357742916576,0.5299905967607628,0.6877977539280414,0.2996908420077007,0.9337474120082816,0.0113172931103687
informative_H,0.05,DR_CF,beta2,483,1.0,1.3388333328077175,0.3388333328077175,0.9824977570052146,0.1318062789952605,0.923178382052203,1.466503397480201,0.3644704941629539,0.9399585921325052,0.0108095155160193
informative_H,0.05,DR_CF,beta3,483,-0.6,-0.7856631675692671,-0.1856631675692671,0.5721595985180149,0.0481543157922509,0.5417595979838719,0.8301268060336876,0.2940878636364767,0.9523809523809524,0.0096899634232914
informative_H,0.05,PR_MLE,alpha0,500,-0.8,0.3714356909554349,1.1714356909554349,1.2041257167221364,0.01233945679898,0.2789494384396083,0.2775352217868869,0.2736620718951752,0.002,0.0019979989989987
informative_H,0.05,PR_MLE,alpha1,500,1.2,1.1447106183663136,-0.0552893816336865,0.189989087777824,0.0067431436101693,0.1819482015555881,0.1746921849009798,0.1733873060173019,0.92,0.0121326007104824
informative_H,0.05,PR_MLE,alpha2,500,-0.9,-1.338413672560541,-0.4384136725605407,0.4674767105478915,0.0071467375963322,0.1624213286260194,0.1523039000763408,0.1502210584972983,0.162,0.0164776211875379
informative_H,0.05,PR_MLE,alpha3,500,0.6,0.8405377852310159,0.2405377852310159,0.2861428509453931,0.0063046541198455,0.1551368425072566,0.154457861865982,0.1520450597709162,0.658,0.0212149004239944
informative_H,0.05,PR_MLE,beta0,500,0.2,-0.8477222990191354,-1.0477222990191353,1.0660219014959975,0.0083614864552658,0.1968710110635744,0.1887062405023582,0.186431215022793,0.006,0.0034536936748935
informative_H,0.05,PR_MLE,beta1,500,0.5,0.7772495763580207,0.2772495763580208,0.301504285742592,0.0049352774911546,0.118598642515256,0.1167154445094978,0.1166631008765714,0.332,0.0210606742532142
informative_H,0.05,PR_MLE,beta2,500,1.0,0.6444672224592594,-0.3555327775407405,0.3826075986929487,0.00577456276873,0.1415099601065929,0.1299595911598504,0.1291691487928319,0.244,0.0192074985357281
informative_H,0.05,PR_MLE,beta3,500,-0.6,-0.3587084123748933,0.2412915876251066,0.2608789097516918,0.0040313529103023,0.099276820399952,0.1029656586957724,0.1022871196408908,0.322,0.0208957411928842
informative_H,0.1,DR_CF,alpha0,497,-0.8,-0.8350890237443072,-0.0350890237443069,0.2071305182837159,0.0075346654254837,0.2043424277216721,0.1846443166946516,0.1627448674558758,0.8772635814889336,0.0147188398197043
informative_H,0.1,DR_CF,alpha1,497,1.2,1.2660638216224176,0.0660638216224176,0.2764012723667546,0.0128249292692047,0.2686604979051588,0.22155616218007,0.1720142972522599,0.8752515090543259,0.0148219686422381
informative_H,0.1,DR_CF,alpha2,497,-0.9,-0.9269316036763504,-0.0269316036763504,0.1982840307639951,0.0092329586812885,0.1966444774460769,0.1744083710842356,0.1418988907784863,0.9476861167002012,0.0099876322829539
informative_H,0.1,DR_CF,alpha3,497,0.6,0.62606734400646,0.0260673440064599,0.2422517662082486,0.0272763489426109,0.241087868252152,0.191605218068624,0.1436489463336254,0.937625754527163,0.0108477388694854
informative_H,0.1,DR_CF,beta0,497,0.2,0.3434413002896682,0.1434413002896681,0.4678248021387416,0.0587106778111857,0.4457402901740354,0.4169949371323306,0.2789564666849339,0.8913480885311871,0.013959316685999
informative_H,0.1,DR_CF,beta1,497,0.5,0.4394406713716548,-0.0605593286283451,0.3009636763776126,0.0367736927668393,0.2951049430641423,0.2660953013551319,0.184366364683652,0.8933601609657947,0.0138450598272324
informative_H,0.1,DR_CF,beta2,497,1.0,1.1145723595862709,0.1145723595862705,0.3839139033992547,0.0470767553461292,0.3667884285178457,0.3432463026577332,0.2009248632784366,0.9134808853118712,0.0126103625014481
informative_H,0.1,DR_CF,beta3,497,-0.6,-0.6312674658733793,-0.0312674658733793,0.2276308178179308,0.0149537363966498,0.2257003124451311,0.2030504030086402,0.1611156419900633,0.9356136820925554,0.0110094819178802
informative_H,0.1,PR_MLE,alpha0,500,-0.8,0.4185015672938118,1.2185015672938118,1.2364418535834818,0.009370284169706,0.2100729613578766,0.1988037223529076,0.1972744775392249,0.0,0.0
informative_H,0.1,PR_MLE,alpha1,500,1.2,1.0468807739600448,-0.1531192260399553,0.2264047040304833,0.006372396201459,0.1669411012501987,0.1542239750048031,0.1529029374974509,0.812,0.0174731794473701
informative_H,0.1,PR_MLE,alpha2,500,-0.9,-1.257468299905492,-0.357468299905492,0.3837714746155017,0.0060773293210477,0.1397713538388385,0.1291475341225046,0.1286714003299267,0.234,0.0189337793374698
informative_H,0.1,PR_MLE,alpha3,500,0.6,0.8420873659703959,0.2420873659703959,0.2751626268476962,0.0053655144010284,0.1309292304185588,0.1317128722833071,0.1313374384534611,0.548,0.0222574032627348
informative_H,0.1,PR_MLE,beta0,500,0.2,-0.9062821766186652,-1.1062821766186652,1.1177587237812685,0.0069987956937044,0.1599232978881227,0.1488690886684258,0.1478892099771395,0.0,0.0
informative_H,0.1,PR_MLE,beta1,500,0.5,0.8208403955701158,0.3208403955701158,0.3382863474663928,0.0046502449309486,0.1073412210104802,0.1042040021358374,0.1043257697554597,0.146,0.0157913900591429
informative_H,0.1,PR_MLE,beta2,500,1.0,0.5995466297646512,-0.4004533702353487,0.4201017408502311,0.0054030506565073,0.127101851654228,0.1162416496427429,0.1157828714978152,0.104,0.0136516665649289
informative_H,0.1,PR_MLE,beta3,500,-0.6,-0.3570213498965517,0.2429786501034483,0.2600972540006965,0.0038680413318278,0.092893571164728,0.0929867364200423,0.0925459416384255,0.254,0.0194671004517878
informative_H,0.2,DR_CF,alpha0,500,-0.8,-0.8127562942182752,-0.0127562942182751,0.1183377131199359,0.0042264800636022,0.1177659923840387,0.1031772833715494,0.0931848131692789,0.908,0.0129256334467599
informative_H,0.2,DR_CF,alpha1,500,1.2,1.2195566851149593,0.0195566851149593,0.1560407651712368,0.0086350145465575,0.1549654317343214,0.1237044030638971,0.1065462399826426,0.912,0.0126693330526906
informative_H,0.2,DR_CF,alpha2,500,-0.9,-0.9105932135877892,-0.0105932135877893,0.1024987289395962,0.0045106022725063,0.1020519596335435,0.0979278122567602,0.0869084269559604,0.946,0.0101078187557949
informative_H,0.2,DR_CF,alpha3,500,0.6,0.6057863800356752,0.0057863800356752,0.1048295520596409,0.0053009732313603,0.1047745589707862,0.0979092867657196,0.0848861232664816,0.944,0.0102824121683581
informative_H,0.2,DR_CF,beta0,500,0.2,0.2449925065684243,0.0449925065684243,0.2139049636462714,0.0081519399856188,0.2093290355288387,0.1786476585243133,0.1650297833293895,0.896,0.0136516665649289
informative_H,0.2,DR_CF,beta1,500,0.5,0.4826896186652643,-0.0173103813347356,0.1440747055623704,0.0053732004890305,0.1431742617210527,0.1313059879398796,0.1203479688234828,0.928,0.0115599307956406
informative_H,0.2,DR_CF,beta2,500,1.0,1.0384552884215388,0.0384552884215387,0.1727527263042202,0.0061497709870235,0.1685868865439607,0.1478354530112102,0.133731074118308,0.902,0.0132963152790538
informative_H,0.2,DR_CF,beta3,500,-0.6,-0.6173280585737824,-0.0173280585737824,0.1236300133281409,0.0046634453868469,0.1225322279048681,0.1119564873101058,0.1068789333010712,0.932,0.0112584190719656
informative_H,0.2,PR_MLE,alpha0,500,-0.8,0.1978614782906842,0.9978614782906842,1.008133068559374,0.0065032741353706,0.1436873208003657,0.1249843385815334,0.124243820345611,0.0,0.0
informative_H,0.2,PR_MLE,alpha1,500,1.2,0.9084691307619416,-0.2915308692380585,0.3149431706563161,0.0051752973679546,0.1192786981821798,0.1149900409684035,0.1148216298946035,0.302,0.0205327056181108
informative_H,0.2,PR_MLE,alpha2,500,-0.9,-1.0550320931622472,-0.155032093162247,0.1861975618477289,0.004156778936101,0.1032273893673688,0.0986871978658104,0.0983630559607399,0.652,0.021302394231635
informative_H,0.2,PR_MLE,alpha3,500,0.6,0.7925324740966796,0.1925324740966797,0.2157679464784066,0.0043830681218208,0.097499052694231,0.095524899878885,0.0951046785910573,0.506,0.022359069748091
informative_H,0.2,PR_MLE,beta0,500,0.2,-0.8104836203236216,-1.0104836203236216,1.0201352885289128,0.0061832812483548,0.1401361346409256,0.1234186535696035,0.1233287863119908,0.0,0.0
informative_H,0.2,PR_MLE,beta1,500,0.5,0.8538795955892422,0.3538795955892421,0.36707124455278,0.0043201615716273,0.0976196167903043,0.0950512647375179,0.0950589595974532,0.052,0.0099293504319265
informative_H,0.2,PR_MLE,beta2,500,1.0,0.6072881732723185,-0.3927118267276813,0.4097278565709102,0.0050211560958468,0.1169688035349629,0.1052613914496348,0.104951631315225,0.066,0.0111035129576184
informative_H,0.2,PR_MLE,beta3,500,-0.6,-0.4091212377746378,0.1908787622253621,0.2094194582398952,0.0034800581807544,0.0862361929978963,0.086559930865517,0.0863950642247961,0.394,0.021852414054287
