experiment,scenario,n,rho,q_target,method,n_attempt,n_success,failure_rate,param_rmse_mean,param_rmse_mcse,coverage_mean_mean,coverage_mean_mcse,pred_rmse_mean,pred_rmse_mcse,rho_realized_mean,q_realized_mean,n_rev_mean,n_rev1_mean,n_rev0_mean,ess_mean,ess1_mean,ess0_mean,min_eig_or_sing_mean
A,clean,200,0.01,,DR_CF,500,179,0.642,3.8725866731052667,0.1837157305440024,0.2877094972067039,0.019654252772808703,0.0819738060365918,0.001560789916856012,0.007777029698210887,0.3585106382978724,1.2849162011173185,0.4301675977653631,0.8547486033519553,2.1188226112219577,0.6718425135368289,1.453053654886717,4.781366152607306
A,clean,200,0.01,,PR_MLE,500,420,0.16000000000000003,2.1578319371594215,0.14151264950856182,0.8154761904761905,0.010746752843575586,0.08826915052133227,0.0011244770564562733,0.010641380342166926,0.40090262970859986,1.7523809523809524,0.7071428571428572,1.0452380952380953,,,,-0.22865548515543802
A,clean,200,0.01,,STD_ZIB,500,500,0.0,2.0174755278428935,0.13119020357742545,0.82425,0.010160849409446185,0.08635470166523657,0.0009828025757398174,0.01078001998729612,0.40864027538726333,1.776,0.72,1.056,,,,-1.7022787851416787
A,clean,200,0.02,,DR_CF,500,103,0.794,4.649043133299953,0.2373160486606741,0.3713592233009709,0.027457302416664633,0.08426011933573171,0.002317116235891444,0.014195585922678913,0.5381856540084388,2.3398058252427183,1.2524271844660195,1.087378640776699,2.4057553743984497,1.1952041170846168,1.2531328760485598,3.0734238690446634
A,clean,200,0.02,,PR_MLE,500,429,0.14200000000000002,2.1179694632527006,0.15847783684048886,0.8595571095571095,0.008782778691792517,0.08596293674969832,0.0011014390971633282,0.021413678385373405,0.48892122281011174,3.5221445221445222,1.6923076923076923,1.82983682983683,,,,0.11345634603465915
A,clean,200,0.02,,STD_ZIB,500,500,0.0,2.0174755278428935,0.13119020357742545,0.82425,0.010160849409446185,0.08635470166523657,0.0009828025757398174,0.0210179881425185,0.48335584233693474,3.46,1.638,1.822,,,,-1.7022787851416787
A,clean,200,0.05,,DR_CF,500,56,0.888,3.8062458763619125,0.3476560249827871,0.75,0.038619648790832795,0.1258512531810413,0.008070683475022048,0.04993555480830129,0.5204707494886066,8.142857142857142,4.071428571428571,4.071428571428571,4.970767828030314,2.5376762690756505,2.839932516535292,2.0779375866287157
A,clean,200,0.05,,PR_MLE,500,482,0.03600000000000003,1.4883219194561192,0.12369453264287981,0.9009336099585062,0.007274761987192546,0.07999150606084748,0.0010396133076918314,0.05173768633993062,0.48544809711211956,8.50207468879668,4.109958506224066,4.3921161825726145,,,,0.475761447634968
A,clean,200,0.05,,STD_ZIB,500,500,0.0,2.0174755278428935,0.13119020357742545,0.82425,0.010160849409446185,0.08635470166523657,0.0009828025757398174,0.0514517468858739,0.48224677414089173,8.458,4.064,4.394,,,,-1.7022787851416787
A,clean,200,0.1,,DR_CF,500,145,0.71,2.4511149541000647,0.32643731502015716,0.9293103448275862,0.00889064856574999,0.12466082919552399,0.004619462416450076,0.10772586000920385,0.47417376632400227,17.689655172413794,8.282758620689656,9.406896551724138,9.359373575079491,5.172285757777429,5.959630998629195,2.597406810272391
A,clean,200,0.1,,PR_MLE,500,493,0.014000000000000012,1.016385475885003,0.11165460654948867,0.9419371196754563,0.0046842998405048015,0.07403035963876314,0.0010483752335521857,0.10126142957776806,0.47088198869199205,16.64503042596349,7.774847870182556,8.870182555780932,,,,0.809390292580033
A,clean,200,0.1,,STD_ZIB,500,500,0.0,2.0174755278428935,0.13119020357742545,0.82425,0.010160849409446185,0.08635470166523657,0.0009828025757398174,0.10103176273174262,0.4692533217772204,16.608,7.736,8.872,,,,-1.7022787851416787
A,clean,200,0.2,,DR_CF,500,374,0.252,1.5904250095309111,0.12352783578945441,0.9692513368983957,0.0036257384192897642,0.10347923543222608,0.0021648123213296954,0.20476871395419616,0.4238852127091461,33.6524064171123,14.211229946524064,19.441176470588236,16.436407992401563,10.210507992332477,10.932637209323254,2.2770187829856874
A,clean,200,0.2,,PR_MLE,500,500,0.0,0.5523224976034053,0.02767292998134753,0.95175,0.004007929890106365,0.06876369756594676,0.000963703953194272,0.20121827025409111,0.43256447820654953,33.084,14.242,18.842,,,,1.3446909831910931
A,clean,200,0.2,,STD_ZIB,500,500,0.0,2.0174755278428935,0.13119020357742545,0.82425,0.010160849409446185,0.08635470166523657,0.0009828025757398174,0.20121827025409111,0.43256447820654953,33.084,14.242,18.842,,,,-1.7022787851416787
A,clean,500,0.01,,DR_CF,500,104,0.792,4.188195102328633,0.19759763476551756,0.4206730769230769,0.02379332627728851,0.07425700187985927,0.003430234656353075,0.007517923863643723,0.1714160401002506,3.0961538461538463,0.5576923076923077,2.5384615384615383,3.042165642470769,0.4827003683419222,2.584284962527811,3.553840027381397
A,clean,500,0.01,,PR_MLE,500,485,0.030000000000000027,1.612082351116292,0.1411102464036595,0.8337628865979382,0.010278613762438542,0.05367450150106732,0.0007208193592941724,0.009782443853825483,0.3913824620757394,4.028865979381443,1.579381443298969,2.4494845360824744,,,,0.38534458330649635
A,clean,500,0.01,,STD_ZIB,500,495,0.010000000000000009,1.9834540640936618,0.12465112788068598,0.6631313131313131,0.01355370826255033,0.057125129044355745,0.0006661582482761205,0.009702497394877416,0.3824033990700657,3.995959595959596,1.5393939393939393,2.4565656565656564,,,,-0.8479047383707725
A,clean,500,0.02,,DR_CF,500,55,0.89,3.4979023081929532,0.3957356859006887,0.7295454545454545,0.0402229210680554,0.12190039535255635,0.010198729181862246,0.019489103608967516,0.46405604496513597,8.018181818181818,3.727272727272727,4.290909090909091,5.518153018731648,2.5859575448720338,3.460304414723749,5.168923892913401
A,clean,500,0.02,,PR_MLE,500,488,0.02400000000000002,0.702697566499149,0.02824061009233395,0.907530737704918,0.0074224000044047795,0.05046349984671653,0.0006861719685120093,0.019628187148889153,0.47450038142239204,8.075819672131148,3.7827868852459017,4.293032786885246,,,,0.7348490734853391
A,clean,500,0.02,,STD_ZIB,500,495,0.010000000000000009,1.9834540640936618,0.12465112788068598,0.6631313131313131,0.01355370826255033,0.057125129044355745,0.0006661582482761205,0.01955963078909513,0.46851979241462305,8.048484848484849,3.735353535353535,4.313131313131313,,,,-0.8479047383707725
A,clean,500,0.05,,DR_CF,500,217,0.5660000000000001,2.0657998139476423,0.23074546503229024,0.9527649769585254,0.0076381722614442225,0.11521876537301223,0.0031303061141224183,0.05143272247125115,0.4948666127906849,21.152073732718893,10.423963133640553,10.728110599078342,10.567101848089651,6.307361142976942,6.614502762646643,5.580669539352714
A,clean,500,0.05,,PR_MLE,500,499,0.0020000000000000018,0.5573985311073009,0.09701872107457973,0.9343687374749499,0.005473281080806026,0.04685073281630798,0.0006241341734792177,0.0489924498722922,0.490710337694903,20.16633266533066,9.849699398797595,10.316633266533065,,,,1.4312832213571562
A,clean,500,0.05,,STD_ZIB,500,495,0.010000000000000009,1.9834540640936618,0.12465112788068598,0.6631313131313131,0.01355370826255033,0.057125129044355745,0.0006661582482761205,0.0489972885923544,0.49039147941303424,20.167676767676767,9.844444444444445,10.323232323232324,,,,-0.8479047383707725
A,clean,500,0.1,,DR_CF,500,437,0.126,1.721092861677702,0.2854794941026571,0.9470823798627003,0.004694023648194486,0.08630579740405822,0.0021292739318298543,0.10007540777258783,0.47072763747577656,41.153318077803206,19.31121281464531,21.842105263157894,18.24486816433295,11.542507872292207,12.005890136205208,6.54278527069413
A,clean,500,0.1,,PR_MLE,500,500,0.0,0.3507875454993019,0.011249509687918366,0.941,0.0048435441403665725,0.04357380095327215,0.0005811044235260789,0.09898587143908913,0.47448013707283804,40.736,19.25,21.486,,,,2.3776188000658216
A,clean,500,0.1,,STD_ZIB,500,495,0.010000000000000009,1.9834540640936618,0.12465112788068598,0.6631313131313131,0.01355370826255033,0.057125129044355745,0.0006661582482761205,0.09895051145680445,0.47429026292612464,40.71919191919192,19.236363636363638,21.482828282828283,,,,-0.8479047383707725
A,clean,500,0.2,,DR_CF,500,499,0.0020000000000000018,0.5083575692432564,0.052378919214547945,0.9356212424849699,0.004943303721134429,0.05363572810365888,0.0008879380228613352,0.1991813800197415,0.43108548715381584,81.99799599198397,35.28657314629258,46.71142284569138,37.83862464425168,24.64489077221131,24.79488378608826,9.098918812770847
A,clean,500,0.2,,PR_MLE,500,500,0.0,0.280008169231767,0.006373752160687375,0.9465,0.00419053949301101,0.04096139392767289,0.0005675977869963073,0.19918705766374245,0.43104831617950823,81.994,35.282,46.712,,,,3.885100619406553
A,clean,500,0.2,,STD_ZIB,500,495,0.010000000000000009,1.9834540640936618,0.12465112788068598,0.6631313131313131,0.01355370826255033,0.057125129044355745,0.0006661582482761205,0.19906442965059737,0.4307513048428217,81.94141414141414,35.23434343434344,46.707070707070706,,,,-0.8479047383707725
A,clean,2500,0.01,,DR_CF,500,355,0.29000000000000004,1.6585444852507298,0.1428018119355126,0.95,0.005291495103136153,0.10278698955018636,0.0025830194712796787,0.010047816868954814,0.41234996723277584,20.673239436619717,8.492957746478874,12.180281690140845,16.559050051584556,6.305406125891675,10.91043944042001,31.603953146059922
A,clean,2500,0.01,,PR_MLE,500,500,0.0,0.27993678372189884,0.009148843710393952,0.9375,0.005831424441939044,0.02105974195160265,0.00026124788123899897,0.009779094630564865,0.39856781928250107,20.118,8.016,12.102,,,,2.5568837485865754
A,clean,2500,0.01,,STD_ZIB,500,500,0.0,1.1128035185160845,0.02480364623620507,0.52025,0.017214384830431213,0.023249365469552665,0.00030093266040248455,0.009779094630564865,0.39856781928250107,20.118,8.016,12.102,,,,0.8955623535025553
A,clean,2500,0.02,,DR_CF,500,462,0.07599999999999996,1.2081294981477106,0.16483418783286388,0.9412878787878788,0.0053151025932274614,0.07067639680142206,0.001499988981742932,0.019774546980550024,0.4748218924987487,40.67748917748918,19.26839826839827,21.40909090909091,24.60793953507106,11.372164980082996,16.2878577941365,37.4098389490721
A,clean,2500,0.02,,PR_MLE,500,500,0.0,0.2125596375471938,0.005503408099505225,0.94625,0.004983376675124241,0.020539503177567725,0.0002448507071163544,0.019628372034027997,0.4740233404826737,40.38,19.098,21.282,,,,4.2662380231113595
A,clean,2500,0.02,,STD_ZIB,500,500,0.0,1.1128035185160845,0.02480364623620507,0.52025,0.017214384830431213,0.023249365469552665,0.00030093266040248455,0.019628372034027997,0.4740233404826737,40.38,19.098,21.282,,,,0.8955623535025553
A,clean,2500,0.05,,DR_CF,500,499,0.0020000000000000018,0.5616206699549897,0.16165770909800486,0.9118236472945892,0.00641110338283414,0.03875813101523929,0.0007905931552987129,0.04981965793768128,0.49369052426804594,102.49098196392785,50.567134268537075,51.92384769539078,47.00966112655578,27.51060280083473,30.686523845391417,50.73535792555897
A,clean,2500,0.05,,PR_MLE,500,500,0.0,0.16452169849767445,0.0037059478292784357,0.9445,0.004691323590850256,0.019577617338698013,0.0002464156304891184,0.04982163073709659,0.4936646816810483,102.494,50.566,51.928,,,,8.368917921546988
A,clean,2500,0.05,,STD_ZIB,500,500,0.0,1.1128035185160845,0.02480364623620507,0.52025,0.017214384830431213,0.023249365469552665,0.00030093266040248455,0.04982163073709659,0.4936646816810483,102.494,50.566,51.928,,,,0.8955623535025553
A,clean,2500,0.1,,DR_CF,500,500,0.0,0.21861486859786125,0.0043759151680796094,0.91875,0.006025528107805647,0.026848650059064262,0.0003598264016412421,0.09975272976013068,0.47266189179208834,205.224,96.954,108.27,87.33137859708519,56.34567350011888,56.59406806769427,57.32938480762087
A,clean,2500,0.1,,PR_MLE,500,500,0.0,0.13566405614998814,0.0025653346460003217,0.95,0.004142380793369261,0.01870783080569504,0.00023930702706482566,0.09975272976013068,0.47266189179208834,205.224,96.954,108.27,,,,13.25420635735661
A,clean,2500,0.1,,STD_ZIB,500,500,0.0,1.1128035185160845,0.02480364623620507,0.52025,0.017214384830431213,0.023249365469552665,0.00030093266040248455,0.09975272976013068,0.47266189179208834,205.224,96.954,108.27,,,,0.8955623535025553
A,clean,2500,0.2,,DR_CF,500,500,0.0,0.1542020486933582,0.003382020662269836,0.932,0.0051894953245423476,0.021223230296406406,0.00042737225930092874,0.19955045419862769,0.4271515765777915,410.524,175.318,235.206,187.63592845048035,121.10373226262585,122.0282049470078,59.49548914650286
A,clean,2500,0.2,,PR_MLE,500,500,0.0,0.11260006035460968,0.0020117554505244013,0.954,0.0036973423808680105,0.017642568311058364,0.00023069309571202223,0.19955045419862769,0.4271515765777915,410.524,175.318,235.206,,,,20.762684695023108
A,clean,2500,0.2,,STD_ZIB,500,500,0.0,1.1128035185160845,0.02480364623620507,0.52025,0.017214384830431213,0.023249365469552665,0.00030093266040248455,0.19955045419862769,0.4271515765777915,410.524,175.318,235.206,,,,0.8955623535025553
A,informative_H,200,0.01,,DR_CF,500,162,0.6759999999999999,4.079808551721901,0.19480518789006987,0.19058641975308643,0.016679623776515596,0.07885493017931265,0.0013017899041798634,0.007085112034891984,0.7073170731707317,1.1728395061728396,0.8024691358024691,0.37037037037037035,1.7521391068400822,1.1137012749803112,0.6384378318597708,4.7634138348416135
A,informative_H,200,0.01,,PR_MLE,500,405,0.18999999999999995,2.1927804812980694,0.17433628822182584,0.8358024691358025,0.010047669110314386,0.08747626067746547,0.0011171754244784398,0.010123465161892576,0.5854725274725275,1.6666666666666667,0.9382716049382716,0.7283950617283951,,,,-0.24208773115649337
A,informative_H,200,0.01,,STD_ZIB,500,500,0.0,2.0174755278428935,0.13119020357742545,0.82425,0.010160849409446185,0.08635470166523657,0.0009828025757398174,0.010415350324341162,0.5943934240362811,1.716,0.982,0.734,,,,-1.7022787851416787
A,informative_H,200,0.02,,DR_CF,500,171,0.6579999999999999,5.152117906172349,0.08205616791245733,0.2821637426900585,0.015179353628558372,0.08168522299906594,0.001196148725762896,0.018389296828255162,0.9710927960927961,3.017543859649123,2.935672514619883,0.08187134502923976,1.8512122138093936,1.775255130060832,0.08229867005174558,1.1166335126278777
A,informative_H,200,0.02,,PR_MLE,500,398,0.20399999999999996,1.898485711893406,0.1550771501635421,0.8561557788944724,0.009727896252828477,0.08686788029085059,0.0011620652258071756,0.02026466800339783,0.744152264909445,3.3266331658291457,2.4170854271356785,0.9095477386934674,,,,0.1500235612174437
A,informative_H,200,0.02,,STD_ZIB,500,500,0.0,2.0174755278428935,0.13119020357742545,0.82425,0.010160849409446185,0.08635470166523657,0.0009828025757398174,0.020082990654553712,0.7635509736540664,3.302,2.466,0.836,,,,-1.7022787851416787
A,informative_H,200,0.05,,DR_CF,500,162,0.6759999999999999,5.108528649355093,0.10002466347233602,0.3533950617283951,0.020756421375017167,0.08396328552699481,0.0020610083917281773,0.04588591387877506,0.9660219762888609,7.54320987654321,7.234567901234568,0.30864197530864196,2.8760130645620405,2.7610104157123536,0.24693975456373263,0.8422610970785125
A,informative_H,200,0.05,,PR_MLE,500,413,0.17400000000000004,1.5933133246836544,0.11377594502104398,0.8538135593220338,0.008603802401267376,0.08159899165613481,0.0010594085439523274,0.05162496250638617,0.812016330177917,8.49636803874092,6.87409200968523,1.6222760290556901,,,,0.4082294223998951
A,informative_H,200,0.05,,STD_ZIB,500,500,0.0,2.0174755278428935,0.13119020357742545,0.82425,0.010160849409446185,0.08635470166523657,0.0009828025757398174,0.050805645944526454,0.8348167585682291,8.356,6.934,1.422,,,,-1.7022787851416787
A,informative_H,200,0.1,,DR_CF,500,129,0.742,2.826175766468371,0.2830022457944643,0.6734496124031008,0.028570640307023786,0.10026247441296204,0.0036954449421673454,0.1000645910115286,0.8299942653825693,16.488372093023255,13.51937984496124,2.9689922480620154,4.836393420382326,5.378367391724358,1.710261698250877,3.9607388702887825
A,informative_H,200,0.1,,PR_MLE,500,465,0.06999999999999995,1.3466998352796196,0.1278554517906461,0.8112903225806452,0.008451007087543677,0.07531327302054092,0.0009657975997220098,0.10125016364174538,0.7991325369541405,16.64731182795699,13.227956989247312,3.4193548387096775,,,,0.7479472069579122
A,informative_H,200,0.1,,STD_ZIB,500,500,0.0,2.0174755278428935,0.13119020357742545,0.82425,0.010160849409446185,0.08635470166523657,0.0009828025757398174,0.10038461154480353,0.8094402769438575,16.506,13.27,3.236,,,,-1.7022787851416787
A,informative_H,200,0.2,,DR_CF,500,295,0.41000000000000003,1.5356662600230537,0.16320394865469787,0.9372881355932203,0.007274675925258272,0.09280329811238741,0.0021115722642131214,0.20612030654094937,0.6707228743505994,33.94915254237288,22.698305084745762,11.250847457627119,7.086885636865941,13.72007552516858,4.054283931914023,2.775436740477069
A,informative_H,200,0.2,,PR_MLE,500,500,0.0,0.7157499811228993,0.011041201800527953,0.7705,0.007559682373961911,0.06894052599220779,0.0009375916486923662,0.20266055167110708,0.6912624422799397,33.33,22.946,10.384,,,,1.6345313821473004
A,informative_H,200,0.2,,STD_ZIB,500,500,0.0,2.0174755278428935,0.13119020357742545,0.82425,0.010160849409446185,0.08635470166523657,0.0009828025757398174,0.20266055167110708,0.6912624422799397,33.33,22.946,10.384,,,,-1.7022787851416787
A,informative_H,500,0.01,,DR_CF,500,87,0.8260000000000001,4.869649249525809,0.1801215178526709,0.3706896551724138,0.026837718126412675,0.06883097911987128,0.00198668407950587,0.007937988800069498,0.6511614401858304,3.264367816091954,2.1724137931034484,1.0919540229885059,2.5394657268485936,1.4657742325627956,1.0983573591674882,2.3487105934154013
A,informative_H,500,0.01,,PR_MLE,500,482,0.03600000000000003,1.4240471142832556,0.1250855714215265,0.8449170124481328,0.009741550391177583,0.05355555695804596,0.0007208979670262301,0.00985703095045254,0.5763880191553148,4.060165975103734,2.3485477178423237,1.7116182572614107,,,,0.39849059703730133
A,informative_H,500,0.01,,STD_ZIB,500,495,0.010000000000000009,1.9834540640936618,0.12465112788068598,0.6631313131313131,0.01355370826255033,0.057125129044355745,0.0006661582482761205,0.00979926817925471,0.585821553729717,4.036363636363636,2.3656565656565656,1.6707070707070708,,,,-0.8479047383707725
A,informative_H,500,0.02,,DR_CF,500,100,0.8,4.964335521495094,0.14756900244175516,0.3825,0.03275155174055332,0.08465226703509485,0.005096501360968656,0.017970792918454926,0.9376438050253839,7.43,6.77,0.66,3.1420996153337852,2.8345556080525887,0.4967786176672302,2.1381105753589527
A,informative_H,500,0.02,,PR_MLE,500,488,0.02400000000000002,1.232554649153352,0.1296418289847637,0.8432377049180327,0.008719807568943699,0.05216759854403322,0.0006656151513873787,0.020188810260709664,0.7685530041332458,8.311475409836065,6.354508196721311,1.9569672131147542,,,,0.6277309819220721
A,informative_H,500,0.02,,STD_ZIB,500,495,0.010000000000000009,1.9834540640936618,0.12465112788068598,0.6631313131313131,0.01355370826255033,0.057125129044355745,0.0006661582482761205,0.0202268246231225,0.7717356501965752,8.327272727272728,6.395959595959596,1.9313131313131313,,,,-0.8479047383707725
A,informative_H,500,0.05,,DR_CF,500,126,0.748,2.8980277667554364,0.19757954845225442,0.7212301587301587,0.02852744078607426,0.10174277763593333,0.004981501119718749,0.04921444043467443,0.8654878769232449,20.206349206349206,17.42063492063492,2.7857142857142856,4.709349985474532,5.3646017620017235,1.7027059844284371,8.029736500786623
A,informative_H,500,0.05,,PR_MLE,500,486,0.028000000000000025,1.0028443974308003,0.08021388851967541,0.7276234567901234,0.009115286970061472,0.049925244061191136,0.0006188069930061535,0.05061567105874942,0.8380740046798627,20.833333333333332,17.432098765432098,3.4012345679012346,,,,1.2494947467857827
A,informative_H,500,0.05,,STD_ZIB,500,495,0.010000000000000009,1.9834540640936618,0.12465112788068598,0.6631313131313131,0.01355370826255033,0.057125129044355745,0.0006661582482761205,0.0503681230997643,0.8418895238990338,20.731313131313133,17.416161616161617,3.315151515151515,,,,-0.8479047383707725
A,informative_H,500,0.1,,DR_CF,500,286,0.42800000000000005,1.7601171733815129,0.2222219405408197,0.8994755244755245,0.010351994971287023,0.08106070326045499,0.002372920689725056,0.09998542687697853,0.8050019866199416,41.16783216783217,33.08741258741259,8.08041958041958,6.813620157521826,12.910127741077266,3.5354547486894248,8.289835340122186
A,informative_H,500,0.1,,PR_MLE,500,499,0.0020000000000000018,0.7515276946689005,0.012756290397961072,0.6357715430861723,0.008138043284021967,0.046099063549812275,0.0005532787835842983,0.09944245154376813,0.8090172992123352,40.93386773547094,33.056112224448896,7.877755511022044,,,,2.304692149552443
A,informative_H,500,0.1,,STD_ZIB,500,495,0.010000000000000009,1.9834540640936618,0.12465112788068598,0.6631313131313131,0.01355370826255033,0.057125129044355745,0.0006661582482761205,0.09944365710847713,0.808640496138994,40.93131313131313,33.03838383838384,7.892929292929293,,,,-0.8479047383707725
A,informative_H,500,0.2,,DR_CF,500,469,0.062000000000000055,0.5454434332841392,0.06269151803787759,0.9384328358208955,0.00514065689196299,0.05403659687475891,0.001307198941371002,0.20117547805675734,0.6953519239292082,82.82089552238806,57.50959488272921,25.31130063965885,12.720033761700515,33.54489198086602,7.332855651601589,9.84326997135071
A,informative_H,500,0.2,,PR_MLE,500,500,0.0,0.6155086901218848,0.006836439613606644,0.5945,0.007008047192399736,0.042759558199919355,0.0004961005065842126,0.2008692869691102,0.6963250409762661,82.68,57.492,25.188,,,,4.634228245351022
A,informative_H,500,0.2,,STD_ZIB,500,495,0.010000000000000009,1.9834540640936618,0.12465112788068598,0.6631313131313131,0.01355370826255033,0.057125129044355745,0.0006661582482761205,0.20079341147806298,0.6960566518902309,82.64646464646465,57.44646464646465,25.2,,,,-0.8479047383707725
A,informative_H,2500,0.01,,DR_CF,500,398,0.20399999999999996,1.4642245717656797,0.10667749501649208,0.8938442211055276,0.008060109835874551,0.08445108851922245,0.0021030065661296715,0.009887014725927144,0.6072155706843853,20.349246231155778,12.28643216080402,8.06281407035176,12.32402420506236,5.436617023172197,7.842395130013161,38.82774519152156
A,informative_H,2500,0.01,,PR_MLE,500,500,0.0,0.3336235358949238,0.007924836216774232,0.88275,0.007878230005276063,0.02148568178565151,0.00025013987364985875,0.009841105716203828,0.5972100007761557,20.248,12.06,8.188,,,,2.581869611990393
A,informative_H,2500,0.01,,STD_ZIB,500,500,0.0,1.1128035185160845,0.02480364623620507,0.52025,0.017214384830431213,0.023249365469552665,0.00030093266040248455,0.009841105716203828,0.5972100007761557,20.248,12.06,8.188,,,,0.8955623535025553
A,informative_H,2500,0.02,,DR_CF,500,436,0.128,1.3424607648669633,0.15111001435826688,0.9108371559633027,0.007153603660683341,0.07715219232281963,0.002260146040425992,0.019820646414145836,0.7732504313553665,40.76376146788991,31.48394495412844,9.279816513761467,13.611631584868089,8.596002594777765,8.390558321539784,41.70322772693407
A,informative_H,2500,0.02,,PR_MLE,500,500,0.0,0.4957993320045682,0.008351150526318405,0.61275,0.010891493205639757,0.02263293465663114,0.00023590107094198862,0.01980003388263392,0.7728935312563185,40.734,31.44,9.294,,,,4.037162461874098
A,informative_H,2500,0.02,,STD_ZIB,500,500,0.0,1.1128035185160845,0.02480364623620507,0.52025,0.017214384830431213,0.023249365469552665,0.00030093266040248455,0.01980003388263392,0.7728935312563185,40.734,31.44,9.294,,,,0.8955623535025553
A,informative_H,2500,0.05,,DR_CF,500,483,0.03400000000000003,0.6306192488805584,0.046733301676199816,0.9259834368530021,0.00554822003709195,0.05077071845884484,0.001505281770616224,0.04983140893114523,0.8382472995540586,102.51552795031056,85.8695652173913,16.645962732919255,17.33007757915357,20.788694240027027,10.563562932783116,47.755457728321645
A,informative_H,2500,0.05,,PR_MLE,500,500,0.0,0.6352342786444218,0.005387256612214053,0.33075,0.006007791784362078,0.023380109494904048,0.00021920835509843688,0.049825840955267736,0.8386227524176477,102.506,85.902,16.604,,,,7.688105587949864
A,informative_H,2500,0.05,,STD_ZIB,500,500,0.0,1.1128035185160845,0.02480364623620507,0.52025,0.017214384830431213,0.023249365469552665,0.00030093266040248455,0.049825840955267736,0.8386227524176477,102.506,85.902,16.604,,,,0.8955623535025553
A,informative_H,2500,0.1,,DR_CF,500,497,0.006000000000000005,0.3012366271919942,0.025500412631820363,0.9089537223340041,0.0063308622915192415,0.03324429305390087,0.0010649286080024409,0.09980315327836738,0.8112170008777683,205.31991951710262,166.46680080482898,38.85311871227364,24.273382805557446,51.084293978238854,14.63212707912639,55.30969869533925
A,informative_H,2500,0.1,,PR_MLE,500,500,0.0,0.6529740457052782,0.0041862298536647045,0.26225,0.005506634275315927,0.023285972314550266,0.0002127564512405858,0.09980444416449574,0.8111864795113085,205.326,166.466,38.86,,,,13.279663827380668
A,informative_H,2500,0.1,,STD_ZIB,500,500,0.0,1.1128035185160845,0.02480364623620507,0.52025,0.017214384830431213,0.023249365469552665,0.00030093266040248455,0.09980444416449574,0.8111864795113085,205.326,166.466,38.86,,,,0.8955623535025553
A,informative_H,2500,0.2,,DR_CF,500,500,0.0,0.1464105947572582,0.003933799381913871,0.921,0.005708166634977059,0.02112722044920403,0.0005095382799440699,0.19944466022648066,0.6961245107240182,410.318,285.562,124.756,46.19769844587145,146.92093084065368,27.591799737825603,59.908190706391494
A,informative_H,2500,0.2,,PR_MLE,500,500,0.0,0.5683196234130402,0.0033609815408805303,0.2465,0.00518693634212282,0.02380342168797781,0.00021314168947091436,0.19944466022648066,0.6961245107240182,410.318,285.562,124.756,,,,24.59702011169676
A,informative_H,2500,0.2,,STD_ZIB,500,500,0.0,1.1128035185160845,0.02480364623620507,0.52025,0.017214384830431213,0.023249365469552665,0.00030093266040248455,0.19944466022648066,0.6961245107240182,410.318,285.562,124.756,,,,0.8955623535025553
B,nhanes_like,4000,0.8,0.02,DR_CF,500,500,0.0,0.17066363107109372,0.004330907343852711,0.94175,0.004115245495833993,0.013472917854818857,0.00019323836395618594,0.799489874362932,0.020073570000123643,2820.18,56.612,2763.568,2819.351382036679,56.594261092687354,2762.7694060636386,9.309196485212345
B,nhanes_like,4000,0.8,0.02,PR_MLE,500,500,0.0,0.16956646760272323,0.004242373492201035,0.94375,0.004170631046574763,0.013439956788363665,0.00019282505283212898,0.799489874362932,0.020073570000123643,2820.18,56.612,2763.568,,,,7.867843533586335
B,nhanes_like,4000,0.8,0.04,DR_CF,500,500,0.0,0.12246552848164965,0.002370300810023477,0.94475,0.004029870309255478,0.012997190345162326,0.00018495135988479155,0.7999136511308155,0.03983487992076587,2820.838,112.368,2708.47,2820.008153209771,112.33520501948324,2707.6934913783325,17.989145936244594
B,nhanes_like,4000,0.8,0.04,PR_MLE,500,500,0.0,0.12220244239570799,0.002392273156832587,0.9465,0.003991536637619517,0.012978025335443642,0.00018488977593799602,0.7999136511308155,0.03983487992076587,2820.838,112.368,2708.47,,,,15.41898571832115
B,nhanes_like,4000,0.9,0.02,DR_CF,500,500,0.0,0.15927583989236926,0.0036317200111197784,0.945,0.0038865422190993474,0.013291061214923834,0.00019163969725949104,0.8996798538060221,0.020056156889614294,3173.606,63.656,3109.95,3173.20483978066,63.647475654887046,3109.5633462055976,9.344019247671753
B,nhanes_like,4000,0.9,0.02,PR_MLE,500,500,0.0,0.1589674440213879,0.0036069809223933627,0.946,0.003930508592484079,0.01328157479797762,0.00019173896351480028,0.8996798538060221,0.020056156889614294,3173.606,63.656,3109.95,,,,8.629737455632338
B,nhanes_like,4000,0.9,0.04,DR_CF,500,500,0.0,0.11781820163274206,0.0023636632485707107,0.94525,0.003949502771778819,0.012895588544083285,0.00018535347199468186,0.8997807181512824,0.03976762494034309,3173.024,126.186,3046.838,3172.6275463734446,126.16997035056471,3046.467756234681,17.92835714194514
B,nhanes_like,4000,0.9,0.04,PR_MLE,500,500,0.0,0.11773904826733925,0.0023667318582182295,0.94825,0.0038550093637225807,0.01288865587442778,0.00018521315940713998,0.8997807181512824,0.03976762494034309,3173.024,126.186,3046.838,,,,16.670363221909792
B,nhanes_like,4000,0.95,0.02,DR_CF,500,500,0.0,0.15858212895776808,0.0037447666016677426,0.94625,0.004146536208095873,0.01324469826250396,0.00019285842684004087,0.9499570793329897,0.02001126585842873,3350.948,67.06,3283.888,3350.7422368999737,67.05550445740856,3283.6900883200924,9.304703081774232
B,nhanes_like,4000,0.95,0.02,PR_MLE,500,500,0.0,0.15839618707986222,0.0037286326557746147,0.94675,0.004037198650783954,0.013240209615408012,0.0001927822382328196,0.9499570793329897,0.02001126585842873,3350.948,67.06,3283.888,,,,8.951790864732324
B,nhanes_like,4000,0.95,0.04,DR_CF,500,500,0.0,0.11813803174693219,0.002417460481863551,0.94225,0.004052804640110574,0.012871054233444796,0.00018569594133303048,0.9499380883815005,0.03978525739323195,3349.9,133.278,3216.622,3349.6891133179074,133.26928217823027,3216.425591114791,17.920049732452675
B,nhanes_like,4000,0.95,0.04,PR_MLE,500,500,0.0,0.11811750163461543,0.002418864322100376,0.94425,0.004077944858447337,0.01287071647393984,0.00018594729334122818,0.9499380883815005,0.03978525739323195,3349.9,133.278,3216.622,,,,17.298369501711996
B,nhanes_like,8000,0.8,0.02,DR_CF,500,500,0.0,0.11463518771648075,0.0025402450627933244,0.9515,0.003751486011514528,0.009216088567504128,0.00012649534715133262,0.8000230333712123,0.020243519611447987,5643.744,114.248,5529.496,5642.970966702226,114.23174145833481,5528.7505222947875,18.974233796155918
B,nhanes_like,8000,0.8,0.02,PR_MLE,500,500,0.0,0.114083795323465,0.0025124748253481564,0.9545,0.003658725535632616,0.009198219534367742,0.00012659807354487728,0.8000230333712123,0.020243519611447987,5643.744,114.248,5529.496,,,,16.03332474713948
B,nhanes_like,8000,0.8,0.04,DR_CF,500,500,0.0,0.08456385822214446,0.0016387452891545458,0.949,0.0038668987330447695,0.00910935010294166,0.00014047236547698696,0.7998897597731065,0.039678837650457974,5641.818,223.864,5417.954,5641.032687324264,223.83230237672967,5417.218808931086,35.845062810273994
B,nhanes_like,8000,0.8,0.04,PR_MLE,500,500,0.0,0.08437650406196977,0.0016444289643052226,0.9495,0.0037486804625655734,0.009091085925373549,0.0001404545296106235,0.7998897597731065,0.039678837650457974,5641.818,223.864,5417.954,,,,30.726123547826173
B,nhanes_like,8000,0.9,0.02,DR_CF,500,500,0.0,0.10936698228112465,0.002213853736833668,0.95,0.003745404666017338,0.0091323432450319,0.0001256478750061312,0.9000736879698726,0.020192123213604987,6349.552,128.208,6221.344,6349.178231812889,128.19992445978954,6220.983599325438,18.98778160473104
B,nhanes_like,8000,0.9,0.02,PR_MLE,500,500,0.0,0.10931085381281816,0.002210782135266299,0.953,0.0036031883009168043,0.009128199184405656,0.00012577652951450171,0.9000736879698726,0.020192123213604987,6349.552,128.208,6221.344,,,,17.53555649619415
B,nhanes_like,8000,0.9,0.04,DR_CF,500,500,0.0,0.08097622886899461,0.0015322751892952323,0.94925,0.0038000336197225996,0.009026622349079099,0.00014214258110893346,0.8999779599956456,0.03970400616722679,6347.764,252.028,6095.736,6347.364021433786,252.0121736266622,6095.3622177617335,35.88229931210599
B,nhanes_like,8000,0.9,0.04,PR_MLE,500,500,0.0,0.08099542763706559,0.001532060959649186,0.95075,0.0038718674713154708,0.009024502756182542,0.00014208151780638518,0.8999779599956456,0.03970400616722679,6347.764,252.028,6095.736,,,,33.379437488767685
B,nhanes_like,8000,0.95,0.02,DR_CF,500,500,0.0,0.10889952770644534,0.0021886919389265272,0.95275,0.003639900101031755,0.009113536067999991,0.0001268362251007046,0.9500016062031367,0.020189414745251048,6701.764,135.306,6566.458,6701.562990182143,135.30166897950863,6566.264307935184,18.956545363070813
B,nhanes_like,8000,0.95,0.02,PR_MLE,500,500,0.0,0.10884467252507939,0.0021940439204996528,0.95375,0.0035791053337363454,0.009112536807003127,0.00012687772542071277,0.9500016062031367,0.020189414745251048,6701.764,135.306,6566.458,,,,18.234814032551945
B,nhanes_like,8000,0.95,0.04,DR_CF,500,500,0.0,0.08092276638907211,0.0015365348134943099,0.94625,0.0038974035599380823,0.009004518214882745,0.0001421162886787078,0.9499970735856164,0.03971945413278772,6700.554,266.146,6434.408,6700.351358108222,266.13771079238387,6434.218897980269,35.933000903557506
B,nhanes_like,8000,0.95,0.04,PR_MLE,500,500,0.0,0.0809333161509599,0.0015378282207872535,0.9465,0.003960033298781074,0.009003538680885704,0.0001420665029815273,0.9499970735856164,0.03971945413278772,6700.554,266.146,6434.408,,,,34.69177299791267
